,condition,entropy
0,Full,1.374682097785323
1,Truncated,2.421733823154138
2,Full,1.4005462009910874
3,Truncated,2.4423997628944094
4,Full,1.4178293090899892
5,Truncated,2.3977874185909016
6,Full,1.3962568694253987
7,Truncated,2.4155519369809433
8,Full,1.4346494237594194
9,Truncated,2.4290767342957755
10,Full,1.4548926478568935
11,Truncated,2.4436271342101885
12,Full,1.4075607543658648
13,Truncated,2.4130649441641077
14,Full,1.4326687812336771
15,Truncated,2.392632794389628
16,Full,1.48681074346459
17,Truncated,2.403034174997491
18,Full,1.4249958464851862
19,Truncated,2.390633926321357
20,Full,1.4231104230657596
21,Truncated,2.4228340323613367
22,Full,1.4060566067636668
23,Truncated,2.4209531200788605
24,Full,1.4773980619607514
25,Truncated,2.40083990154087
26,Full,1.3868617485311063
27,Truncated,2.4299158756692427
28,Full,1.3794210338953017
29,Truncated,2.404248433433967
30,Full,1.3975114371444106
31,Truncated,2.4135747962612784
32,Full,1.3442953310441073
33,Truncated,2.443147949523516
34,Full,1.4495662424675797
35,Truncated,2.397111360323122
36,Full,1.41955592078731
37,Truncated,2.4434381367491036
38,Full,1.462575099878833
39,Truncated,2.4144289354839357
40,Full,1.3915388817035532
41,Truncated,2.4008211057659077
42,Full,1.404575237906825
43,Truncated,2.4207139144880587
44,Full,1.4213705669509522
45,Truncated,2.3869064966442464
46,Full,1.382421467969061
47,Truncated,2.384191197993623
48,Full,1.384129452708676
49,Truncated,2.4399369218278144
50,Full,1.3098818766179494
51,Truncated,2.3878755231284865
52,Full,1.297304848035159
53,Truncated,2.3916398762097053
54,Full,1.3355668556790452
55,Truncated,2.4060182939834607
56,Full,1.4286288926716124
57,Truncated,2.4371215224626996
58,Full,1.3609892920105569
59,Truncated,2.390813780980497
60,Full,1.4375679939625683
61,Truncated,2.453540884854037
62,Full,1.378627582544043
63,Truncated,2.438698013705641
64,Full,1.3343035862297463
65,Truncated,2.4611373967680636
66,Full,1.3141251306506052
67,Truncated,2.4155821431690234
68,Full,1.389227391451603
69,Truncated,2.4481359348396294
70,Full,1.3762120582171347
71,Truncated,2.4040931645368127
72,Full,1.3929772320949585
73,Truncated,2.438993963185106
74,Full,1.4936518587731635
75,Truncated,2.4242181088866275
76,Full,1.350469554101568
77,Truncated,2.436705472157632
78,Full,1.3746838336228848
79,Truncated,2.4049407513310417
80,Full,1.449190129685566
81,Truncated,2.4515880797853242
82,Full,1.5380193005996932
83,Truncated,2.432258382139528
84,Full,1.3062467792609156
85,Truncated,2.4167204611583193
86,Full,1.4275054130435438
87,Truncated,2.408079149617169
88,Full,1.4185342202730058
89,Truncated,2.438337495721453
90,Full,1.3358007834631258
91,Truncated,2.4328093988971125
92,Full,1.333965307721014
93,Truncated,2.4194633774599366
94,Full,1.4301356751783665
95,Truncated,2.406143932099602
96,Full,1.406106681523335
97,Truncated,2.405290040705797
98,Full,1.463985435442266
99,Truncated,2.426474241157698
100,Full,1.3612919901151586
101,Truncated,2.394000614486044
102,Full,1.3699909290012058
103,Truncated,2.390637036585462
104,Full,1.5065492939313465
105,Truncated,2.441219655981853
106,Full,1.4391276945050404
107,Truncated,2.4425552687258447
108,Full,1.3472123301365693
109,Truncated,2.445343742310645
110,Full,1.3073765874566563
111,Truncated,2.3772910528686793
112,Full,1.3899572452813829
113,Truncated,2.445166768511003
114,Full,1.4578903465003312
115,Truncated,2.435063794518424
116,Full,1.3570436419164476
117,Truncated,2.3913926022433762
118,Full,1.4432068282312074
119,Truncated,2.4174415833119958
120,Full,1.4046242361855117
121,Truncated,2.4244029370369935
122,Full,1.4173160111528325
123,Truncated,2.386992710303672
124,Full,1.43682849013225
125,Truncated,2.4771016485938944
126,Full,1.5631153961276878
127,Truncated,2.4562889833611203
128,Full,1.4887086464528552
129,Truncated,2.398510633589492
130,Full,1.388856718513016
131,Truncated,2.4809957858299416
132,Full,1.4276610483483005
133,Truncated,2.4502776161758177
134,Full,1.3719668724464569
135,Truncated,2.453055900648393
136,Full,1.2698533604659186
137,Truncated,2.3552201302579916
138,Full,1.3731058044332127
139,Truncated,2.401458016644629
140,Full,1.3395632555137353
141,Truncated,2.4347357873250903
142,Full,1.3079013602403395
143,Truncated,2.4090223439711766
144,Full,1.3519243358308688
145,Truncated,2.43507389298649
146,Full,1.4094389924923045
147,Truncated,2.4448629729484717
148,Full,1.4391608380967542
149,Truncated,2.46454128873829
150,Full,1.4912915288117017
151,Truncated,2.40950631687114
152,Full,1.3747348530282377
153,Truncated,2.4167114584527316
154,Full,1.4861044669470655
155,Truncated,2.441859078958496
156,Full,1.333417512410274
157,Truncated,2.4906493264577114
158,Full,1.355760044499235
159,Truncated,2.4169085453232557
160,Full,1.4525900238552623
161,Truncated,2.403447896590285
162,Full,1.4813336579592238
163,Truncated,2.4171101555603194
164,Full,1.4054941181905884
165,Truncated,2.4314443945557698
166,Full,1.469357029384808
167,Truncated,2.426385090164402
168,Full,1.3067062479812257
169,Truncated,2.4243275713132846
170,Full,1.291921062094922
171,Truncated,2.3861067228795054
172,Full,1.3884707887104093
173,Truncated,2.423675527907072
174,Full,1.335613515348419
175,Truncated,2.46416388465449
176,Full,1.4319560850883195
177,Truncated,2.4411028980863585
178,Full,1.3539918494399024
179,Truncated,2.388753252311786
180,Full,1.4146221374859993
181,Truncated,2.446851595881218
182,Full,1.3855500176918139
183,Truncated,2.4196169195035124
184,Full,1.3822595209291966
185,Truncated,2.4399332553404336
186,Full,1.3836252854624018
187,Truncated,2.4159089605295128
188,Full,1.4353111097936266
189,Truncated,2.4078096185199582
190,Full,1.4157690710958235
191,Truncated,2.407876860704726
192,Full,1.5408287095103141
193,Truncated,2.4010077792758344
194,Full,1.4025541748991484
195,Truncated,2.41154556888496
196,Full,1.4478492261013443
197,Truncated,2.4178997123172943
198,Full,1.455204402044944
199,Truncated,2.420225987132431
200,Full,1.3695511843077515
201,Truncated,2.410278537345922
202,Full,1.494509937151443
203,Truncated,2.4286554577655286
204,Full,1.4152263166216381
205,Truncated,2.4021802452526493
206,Full,1.3951350642846774
207,Truncated,2.4482615221047968
208,Full,1.4431131041138527
209,Truncated,2.426326195434153
210,Full,1.4399386641650562
211,Truncated,2.4446917834843997
212,Full,1.3371919647269972
213,Truncated,2.4358452739200533
214,Full,1.4400216779341994
215,Truncated,2.3874332045397155
216,Full,1.343365545673007
217,Truncated,2.442051433817973
218,Full,1.425450770109146
219,Truncated,2.4285488890682707
220,Full,1.3825308824159297
221,Truncated,2.35885257209535
222,Full,1.4583692308971106
223,Truncated,2.426067320395007
224,Full,1.310834480880904
225,Truncated,2.433553060116094
226,Full,1.4046095744345561
227,Truncated,2.426087267020555
228,Full,1.3516469204736485
229,Truncated,2.412699548717712
230,Full,1.398790340757745
231,Truncated,2.429591561181021
232,Full,1.3575333964902576
233,Truncated,2.453107775931506
234,Full,1.4192861831877692
235,Truncated,2.4036587017346385
236,Full,1.4567544960807772
237,Truncated,2.44087172645756
238,Full,1.394352203309713
239,Truncated,2.3830198155706914
240,Full,1.4469420265675157
241,Truncated,2.4149970335958875
242,Full,1.4648198915742305
243,Truncated,2.3712144440914207
244,Full,1.3270079493398363
245,Truncated,2.437572513351787
246,Full,1.5087448719632361
247,Truncated,2.4371162517867733
248,Full,1.3799773311367443
249,Truncated,2.404834038342048
250,Full,1.3053146188302973
251,Truncated,2.418137963552841
252,Full,1.4360351543918488
253,Truncated,2.415732010805739
254,Full,1.4640137182188775
255,Truncated,2.4257143163186146
256,Full,1.4143301023584445
257,Truncated,2.436255031070512
258,Full,1.3832404762689838
259,Truncated,2.4225240363385616
260,Full,1.3447406102820367
261,Truncated,2.391629875926161
262,Full,1.423488446317572
263,Truncated,2.3888400365697406
264,Full,1.3869047238056025
265,Truncated,2.414215676119622
266,Full,1.4546881010424615
267,Truncated,2.4730287444780097
268,Full,1.4363939532192407
269,Truncated,2.4093370713117097
270,Full,1.4482785919783239
271,Truncated,2.43033452596005
272,Full,1.3590269715775496
273,Truncated,2.448999495908248
274,Full,1.4241189980043383
275,Truncated,2.423229663199682
276,Full,1.418266317240714
277,Truncated,2.406453546278198
278,Full,1.4287630556043867
279,Truncated,2.4172969631487047
280,Full,1.4615334844059062
281,Truncated,2.400413075540887
282,Full,1.4295137854715936
283,Truncated,2.3650443947433244
284,Full,1.379680113666565
285,Truncated,2.3947221494369098
286,Full,1.3393853722141897
287,Truncated,2.4071766240799994
288,Full,1.376183847730893
289,Truncated,2.418396025245131
290,Full,1.4481561685988884
291,Truncated,2.404260121990127
292,Full,1.3915288911004482
293,Truncated,2.4312695188068263
294,Full,1.4852742567850932
295,Truncated,2.429005334768271
296,Full,1.4184980659297177
297,Truncated,2.4091528967859643
298,Full,1.4096841209526179
299,Truncated,2.4267615876479636
300,Full,1.36348198913625
301,Truncated,2.4271735044935183
302,Full,1.431773807801783
303,Truncated,2.4138577015191442
304,Full,1.4326024925576522
305,Truncated,2.408985222349873
306,Full,1.4209414930319773
307,Truncated,2.429487864705433
308,Full,1.4407224886058394
309,Truncated,2.4197003970821376
310,Full,1.3908545824146326
311,Truncated,2.423125753381547
312,Full,1.331108062988061
313,Truncated,2.4328520760909926
314,Full,1.40247548295007
315,Truncated,2.400263165961944
316,Full,1.360992166214094
317,Truncated,2.415676186843734
318,Full,1.3351694026383927
319,Truncated,2.442806265935876
320,Full,1.442512043411113
321,Truncated,2.4269329306630234
322,Full,1.4028658779538246
323,Truncated,2.4040599851064512
324,Full,1.3355473567870877
325,Truncated,2.4147134152170806
326,Full,1.4291645613249284
327,Truncated,2.4055977400524937
328,Full,1.4033490066574534
329,Truncated,2.4163003864965913
330,Full,1.3691691602258316
331,Truncated,2.4278310544981148
332,Full,1.4499771058128492
333,Truncated,2.4197507268756278
334,Full,1.4661349535306278
335,Truncated,2.3828866452663684
336,Full,1.5921961262334503
337,Truncated,2.4410740723848887
338,Full,1.4633726186435017
339,Truncated,2.435520622246676
340,Full,1.4510490836236865
341,Truncated,2.463992611969455
342,Full,1.5076976380306655
343,Truncated,2.410178288911209
344,Full,1.436840265900041
345,Truncated,2.40205415766153
346,Full,1.40890059797156
347,Truncated,2.4362786417820788
348,Full,1.3904587211449826
349,Truncated,2.4425729751099974
350,Full,1.4556787351372016
351,Truncated,2.3783543672432885
352,Full,1.361667991679378
353,Truncated,2.4303830675642195
354,Full,1.4308476153816527
355,Truncated,2.4070243609245763
356,Full,1.4435097500953256
357,Truncated,2.4446173815238343
358,Full,1.3998332333011236
359,Truncated,2.4308098987205597
360,Full,1.4384946994482946
361,Truncated,2.4154795968103473
362,Full,1.4741169390669568
363,Truncated,2.4350878507963793
364,Full,1.3491342418641765
365,Truncated,2.4120276052628284
366,Full,1.4410961564523705
367,Truncated,2.349753306230792
368,Full,1.4315796297639456
369,Truncated,2.3385885643315807
370,Full,1.47522030063543
371,Truncated,2.4078053511045465
372,Full,1.3352196492644466
373,Truncated,2.418451461463054
374,Full,1.3891705487880563
375,Truncated,2.442570316302769
376,Full,1.37973758829112
377,Truncated,2.459817877713765
378,Full,1.400269080870593
379,Truncated,2.406539305988077
380,Full,1.3326751885694674
381,Truncated,2.443953661246833
382,Full,1.447009546466035
383,Truncated,2.408737943633781
384,Full,1.418616249777934
385,Truncated,2.3907373587409917
386,Full,1.3797255467185132
387,Truncated,2.4768219096614024
388,Full,1.4847352806655467
389,Truncated,2.410109373656532
390,Full,1.4153414575122347
391,Truncated,2.4599478963332237
392,Full,1.5066678913602616
393,Truncated,2.4096185317220487
394,Full,1.4454765694471727
395,Truncated,2.399881299494866
396,Full,1.3121698198335747
397,Truncated,2.4267044078080833
398,Full,1.3989384415656916
399,Truncated,2.444548980345977
400,Full,1.482145125953966
401,Truncated,2.432969596196677
402,Full,1.323867430191148
403,Truncated,2.394563728999711
404,Full,1.4841342279826228
405,Truncated,2.4191207670994266
406,Full,1.4531067774592907
407,Truncated,2.4201191103345727
408,Full,1.4176950672604947
409,Truncated,2.424749181494133
410,Full,1.4412774638863464
411,Truncated,2.434457475057328
412,Full,1.4243859943776713
413,Truncated,2.412429095516115
414,Full,1.3125835375335209
415,Truncated,2.4092457705230856
416,Full,1.3747655514935448
417,Truncated,2.412851525324373
418,Full,1.3427340467523925
419,Truncated,2.411724168498302
420,Full,1.4534079373024222
421,Truncated,2.4434745013367305
422,Full,1.3905906307164888
423,Truncated,2.429944231395234
424,Full,1.4142400421028882
425,Truncated,2.423689679380396
426,Full,1.3169365978629333
427,Truncated,2.4094835770385603
428,Full,1.4172799369443212
429,Truncated,2.4409678361541736
430,Full,1.4486966598537603
431,Truncated,2.4339142746985822
432,Full,1.4539047340870945
433,Truncated,2.4034265978642884
434,Full,1.4487908800842153
435,Truncated,2.4330714517218186
436,Full,1.362901559836256
437,Truncated,2.45310216293577
438,Full,1.3730505429212432
439,Truncated,2.4239201883727537
440,Full,1.4186245076304358
441,Truncated,2.424262175840644
442,Full,1.4376623305324325
443,Truncated,2.4270970204883464
444,Full,1.3376279329836787
445,Truncated,2.444899857202617
446,Full,1.3578706147595447
447,Truncated,2.4240361511583957
448,Full,1.3619488877191093
449,Truncated,2.43822239934262
450,Full,1.3651405152146416
451,Truncated,2.4227223478636093
452,Full,1.3909352904477674
453,Truncated,2.427495028439186
454,Full,1.4170918939245039
455,Truncated,2.4275394713932097
456,Full,1.5041649067752023
457,Truncated,2.4529507631395915
458,Full,1.4321069887202271
459,Truncated,2.444884365290669
460,Full,1.398405422356562
461,Truncated,2.4415520296907336
462,Full,1.4280022124157243
463,Truncated,2.4016842279536714
464,Full,1.4170769197379758
465,Truncated,2.4423848094006404
466,Full,1.461646865902858
467,Truncated,2.4268057459985077
468,Full,1.4157618185254741
469,Truncated,2.422708327206005
470,Full,1.5179394997743318
471,Truncated,2.4134580745335654
472,Full,1.4268144783453907
473,Truncated,2.3941534142275502
474,Full,1.4727263351155013
475,Truncated,2.4462089707517967
476,Full,1.286387454645682
477,Truncated,2.370621613846256
478,Full,1.4712886175128745
479,Truncated,2.4158993788672847
480,Full,1.376699061739576
481,Truncated,2.4254669461403733
482,Full,1.3919194271547795
483,Truncated,2.455130058962125
484,Full,1.3543897096868276
485,Truncated,2.4351987394786376
486,Full,1.3331228438752025
487,Truncated,2.4056148318955786
488,Full,1.4359074748660299
489,Truncated,2.438915389168193
490,Full,1.4986267206326398
491,Truncated,2.4187742697724812
492,Full,1.404097633431912
493,Truncated,2.3864112351042674
494,Full,1.4573013997724171
495,Truncated,2.445240741082701
496,Full,1.4493490370841453
497,Truncated,2.4146410083049523
498,Full,1.482764733377153
499,Truncated,2.424577624747718
500,Full,1.427964861464123
501,Truncated,2.3987870019259163
502,Full,1.345381185876896
503,Truncated,2.4443453561050825
504,Full,1.4142816043463349
505,Truncated,2.4232871435205734
506,Full,1.4976753783725616
507,Truncated,2.4008984468240238
508,Full,1.4845824838460007
509,Truncated,2.4202687897171016
510,Full,1.3748302942347315
511,Truncated,2.4259088815948453
512,Full,1.450350730377075
513,Truncated,2.4325227049831826
514,Full,1.4913788127252046
515,Truncated,2.4198299320035033
516,Full,1.4236249910247618
517,Truncated,2.4055295135963912
518,Full,1.3928061701532404
519,Truncated,2.4104977715935156
520,Full,1.4544223344340061
521,Truncated,2.419034739770864
522,Full,1.5033289987853558
523,Truncated,2.408099175439111
524,Full,1.5079962920366818
525,Truncated,2.4166695749406037
526,Full,1.3545843023900388
527,Truncated,2.4290098948271472
528,Full,1.4003217385254871
529,Truncated,2.4254318213084725
530,Full,1.422064609805495
531,Truncated,2.409403056336041
532,Full,1.4366122192859543
533,Truncated,2.4476146339554896
534,Full,1.4021373984555603
535,Truncated,2.438219352279256
536,Full,1.3892515675511616
537,Truncated,2.4170717002209683
538,Full,1.3304490858979452
539,Truncated,2.421789053480273
540,Full,1.3694683998875268
541,Truncated,2.4250078792208165
542,Full,1.3725363455167734
543,Truncated,2.3868556469280358
544,Full,1.379613002635137
545,Truncated,2.406453770460165
546,Full,1.4562987811629584
547,Truncated,2.4338364815411766
548,Full,1.4723005322763814
549,Truncated,2.4624366096945542
550,Full,1.3919964318097313
551,Truncated,2.4216764534617328
552,Full,1.4719961886276516
553,Truncated,2.4444323599705267
554,Full,1.4142852172026597
555,Truncated,2.4487792839158207
556,Full,1.3242618968663575
557,Truncated,2.385157129796691
558,Full,1.4450197422487956
559,Truncated,2.4163882188700248
560,Full,1.404471641908221
561,Truncated,2.4387122891780377
562,Full,1.389513162585441
563,Truncated,2.416258671363054
564,Full,1.5021134756917114
565,Truncated,2.381763138165984
566,Full,1.3525211848246523
567,Truncated,2.40643118942011
568,Full,1.3447318425405153
569,Truncated,2.4151033807693496
570,Full,1.4468970082299353
571,Truncated,2.4079220333679645
572,Full,1.414356771958044
573,Truncated,2.4068045464417573
574,Full,1.4449079132474414
575,Truncated,2.4091819489440596
576,Full,1.4511495308458264
577,Truncated,2.43330990631035
578,Full,1.4328262540370353
579,Truncated,2.4089362480469303
580,Full,1.3464095029983618
581,Truncated,2.4358995137159565
582,Full,1.441247192421797
583,Truncated,2.4755894283744038
584,Full,1.4020780863528386
585,Truncated,2.451592107467178
586,Full,1.334649172986857
587,Truncated,2.4142089109656237
588,Full,1.4074413804151529
589,Truncated,2.428210115421108
590,Full,1.425853709935895
591,Truncated,2.417285341857491
592,Full,1.4286634302849608
593,Truncated,2.4470347319135763
594,Full,1.4603082730643622
595,Truncated,2.470657331623843
596,Full,1.476892015185323
597,Truncated,2.433038229568697
598,Full,1.4405432853872746
599,Truncated,2.4113739194508823
600,Full,1.497918295495682
601,Truncated,2.402340848717893
602,Full,1.4288788631126073
603,Truncated,2.415252230692032
604,Full,1.3377752600032795
605,Truncated,2.4472939033490015
606,Full,1.4212676824316208
607,Truncated,2.4594273710316275
608,Full,1.4345450031863405
609,Truncated,2.4322105079263223
610,Full,1.3244258232968171
611,Truncated,2.398079329168687
612,Full,1.3890083526955737
613,Truncated,2.4328641047170567
614,Full,1.4220191717061856
615,Truncated,2.4483010124553886
616,Full,1.4466361774823913
617,Truncated,2.4344189854097777
618,Full,1.434449373785289
619,Truncated,2.4251692457866243
620,Full,1.422701556131572
621,Truncated,2.4539632631284998
622,Full,1.3773578082669573
623,Truncated,2.404796642469274
624,Full,1.4107083106563696
625,Truncated,2.3618362286321455
626,Full,1.4943608677001605
627,Truncated,2.423304751709439
628,Full,1.3867045025240805
629,Truncated,2.420995295890215
630,Full,1.4019871226758474
631,Truncated,2.409806602431404
632,Full,1.3753757601053391
633,Truncated,2.347813161768086
634,Full,1.3720790913947858
635,Truncated,2.422004013945865
636,Full,1.3858247434044597
637,Truncated,2.4264693471358667
638,Full,1.4530663124727146
639,Truncated,2.421772413256362
640,Full,1.541966273125969
641,Truncated,2.3856946053256887
642,Full,1.4257849548113846
643,Truncated,2.4258256361280175
644,Full,1.3920688618394959
645,Truncated,2.4235368595589954
646,Full,1.4664214378226859
647,Truncated,2.47008913907813
648,Full,1.4552808902340202
649,Truncated,2.4096207294972682
650,Full,1.4004494732642674
651,Truncated,2.429457556783354
652,Full,1.4985787117104787
653,Truncated,2.3916656364419047
654,Full,1.4339733169004287
655,Truncated,2.421303511185033
656,Full,1.425490663892333
657,Truncated,2.40606595264177
658,Full,1.387880853009171
659,Truncated,2.4148954328447374
660,Full,1.4845517391328447
661,Truncated,2.4323226046580912
662,Full,1.426506257226619
663,Truncated,2.460134446778299
664,Full,1.4851922118160936
665,Truncated,2.4073554713050713
666,Full,1.3611694089863027
667,Truncated,2.4175042002319524
668,Full,1.435238081980084
669,Truncated,2.396319743926826
670,Full,1.400958586489389
671,Truncated,2.4624621787811938
672,Full,1.4178618863606784
673,Truncated,2.3686260828426073
674,Full,1.381492642366918
675,Truncated,2.4284674575114
676,Full,1.4354699201513217
677,Truncated,2.4241796370351145
678,Full,1.3725588378944635
679,Truncated,2.4586711199210685
680,Full,1.4073666469824793
681,Truncated,2.4027767486127707
682,Full,1.3434403673038722
683,Truncated,2.3943311897369477
684,Full,1.3370648486816048
685,Truncated,2.416475830713564
686,Full,1.4052863481335869
687,Truncated,2.4485940291905495
688,Full,1.4395763505221288
689,Truncated,2.3950112201394838
690,Full,1.2885818493047956
691,Truncated,2.420572126693047
692,Full,1.3786743019647911
693,Truncated,2.413886244745594
694,Full,1.447094314435273
695,Truncated,2.398050454064155
696,Full,1.4431486600082042
697,Truncated,2.4085631805066527
698,Full,1.4157444373611785
699,Truncated,2.4544331568810005
700,Full,1.3822577444851945
701,Truncated,2.407732326492352
702,Full,1.427468095777349
703,Truncated,2.424481793418604
704,Full,1.3998460860057285
705,Truncated,2.4101515340295623
706,Full,1.4330332778564696
707,Truncated,2.442589817165474
708,Full,1.397933738012128
709,Truncated,2.467732585600185
710,Full,1.3774671879913827
711,Truncated,2.439842076445648
712,Full,1.366657248571811
713,Truncated,2.4051422515058336
714,Full,1.4749235934803904
715,Truncated,2.442597225541491
716,Full,1.3823682323973012
717,Truncated,2.4200964595530996
718,Full,1.31814254753932
719,Truncated,2.412228270134195
720,Full,1.400171101877198
721,Truncated,2.4603006617915897
722,Full,1.3621001166354738
723,Truncated,2.4370764795749467
724,Full,1.4622598439756205
725,Truncated,2.4086059101462522
726,Full,1.4412038588153666
727,Truncated,2.445889088356577
728,Full,1.3696739901257704
729,Truncated,2.461953883752082
730,Full,1.451193072773835
731,Truncated,2.4456052527846537
732,Full,1.4849483638253127
733,Truncated,2.4419716598496763
734,Full,1.4755169450271348
735,Truncated,2.3926597796462574
736,Full,1.3500019826089926
737,Truncated,2.4350136832361864
738,Full,1.4808576625032521
739,Truncated,2.39985183968541
740,Full,1.441083264496179
741,Truncated,2.4180556604641588
742,Full,1.5037197988973365
743,Truncated,2.4345132533814753
744,Full,1.4034281633961734
745,Truncated,2.3785761822274547
746,Full,1.4441606311814228
747,Truncated,2.4416188464713646
748,Full,1.4165289871519113
749,Truncated,2.4257911985322425
750,Full,1.4549250253413952
751,Truncated,2.4332008460720176
752,Full,1.3405999530400692
753,Truncated,2.3738363083899676
754,Full,1.2584249372742493
755,Truncated,2.4269868761741824
756,Full,1.323760770904348
757,Truncated,2.3128984369912176
758,Full,1.3904715366562677
759,Truncated,2.4217622146589433
760,Full,1.4157312430184519
761,Truncated,2.4007473403090254
762,Full,1.4383450738132457
763,Truncated,2.4070832955551325
764,Full,1.4252044450908554
765,Truncated,2.4281150323929324
766,Full,1.3797069261627783
767,Truncated,2.382300704443255
768,Full,1.4783728015040687
769,Truncated,2.433266738398376
770,Full,1.3903316815630702
771,Truncated,2.4117483732034146
772,Full,1.4744324508843392
773,Truncated,2.4370876433199595
774,Full,1.4124742978109484
775,Truncated,2.432308117092844
776,Full,1.5009500370351243
777,Truncated,2.4147602853271777
778,Full,1.352267040240092
779,Truncated,2.4118091375741564
780,Full,1.4196190550847796
781,Truncated,2.4027936245988326
782,Full,1.424060633562916
783,Truncated,2.4343156087540327
784,Full,1.385408459566332
785,Truncated,2.3744175520586297
786,Full,1.4643463550083056
787,Truncated,2.427194430206405
788,Full,1.4436314946405555
789,Truncated,2.417634979340057
790,Full,1.4850540106175065
791,Truncated,2.41856526863232
792,Full,1.3823695175759199
793,Truncated,2.3902030406639154
794,Full,1.4080666516593747
795,Truncated,2.4384032796634982
796,Full,1.379198230706392
797,Truncated,2.392596501200912
798,Full,1.3410961689007819
799,Truncated,2.4575375977067515
800,Full,1.35945691728629
801,Truncated,2.427496218881579
802,Full,1.3591910244338714
803,Truncated,2.4488382168822076
804,Full,1.300725157278373
805,Truncated,2.438124910803661
806,Full,1.3071476637035677
807,Truncated,2.4550796692498973
808,Full,1.370561206221538
809,Truncated,2.3785416047221686
810,Full,1.3917800774398503
811,Truncated,2.400594324176381
812,Full,1.481579962208805
813,Truncated,2.446355724779754
814,Full,1.4963559827162218
815,Truncated,2.411729773354639
816,Full,1.4190063173729675
817,Truncated,2.42967905469063
818,Full,1.5129720622613103
819,Truncated,2.4050269706955114
820,Full,1.3916961488671766
821,Truncated,2.4044841859221093
822,Full,1.4453893186401934
823,Truncated,2.3992064184242206
824,Full,1.369450224102757
825,Truncated,2.453888941678362
826,Full,1.4400833090515768
827,Truncated,2.407109335086172
828,Full,1.3305727135148206
829,Truncated,2.442855227965028
830,Full,1.3390270993540319
831,Truncated,2.369591021138077
832,Full,1.3562392591604848
833,Truncated,2.4213726541401264
834,Full,1.3951039336848114
835,Truncated,2.4454200952335925
836,Full,1.3714805370561924
837,Truncated,2.305107631199254
838,Full,1.4822497847330198
839,Truncated,2.4010143622567055
840,Full,1.3855553909873544
841,Truncated,2.4344945742034367
842,Full,1.3586571461414727
843,Truncated,2.4608664773881967
844,Full,1.4144283363398251
845,Truncated,2.3644043937864176
846,Full,1.3323567171818698
847,Truncated,2.414708189129969
848,Full,1.4195545014177564
849,Truncated,2.461389233252246
850,Full,1.422748604812544
851,Truncated,2.4110728129767356
852,Full,1.4499774579084335
853,Truncated,2.3499773782185436
854,Full,1.3825663015325276
855,Truncated,2.4348606792531724
856,Full,1.4055411235462771
857,Truncated,2.435395552718295
858,Full,1.487492545591971
859,Truncated,2.426441229748241
860,Full,1.3919199996229763
861,Truncated,2.4307446914658413
862,Full,1.510286492566847
863,Truncated,2.415800718988825
864,Full,1.4124072443192017
865,Truncated,2.4227869037536687
866,Full,1.4498664736508722
867,Truncated,2.400380541020965
868,Full,1.4406907590068612
869,Truncated,2.4137734909071784
870,Full,1.4236892558614307
871,Truncated,2.419743908507485
872,Full,1.5040481577055562
873,Truncated,2.419286419419623
874,Full,1.3807460501050048
875,Truncated,2.4489986755318607
876,Full,1.3759402319285923
877,Truncated,2.4015739269022975
878,Full,1.4180688974612405
879,Truncated,2.408562283508097
880,Full,1.282869827736651
881,Truncated,2.395232210993594
882,Full,1.3722307536697183
883,Truncated,2.402698177034961
884,Full,1.4260540176042478
885,Truncated,2.4197196498609697
886,Full,1.4276524806227542
887,Truncated,2.425351424628336
888,Full,1.3677458812203018
889,Truncated,2.3977447409206216
890,Full,1.2663161479828307
891,Truncated,2.423356966532651
892,Full,1.3838854074874163
893,Truncated,2.4327844263893907
894,Full,1.509091486077289
895,Truncated,2.427177124049186
896,Full,1.3387416507374035
897,Truncated,2.388679420568125
898,Full,1.3319973450085243
899,Truncated,2.43203387965548
900,Full,1.316963333424324
901,Truncated,2.4137086199142574
902,Full,1.4367317682601604
903,Truncated,2.3941891171163885
904,Full,1.4220242146799786
905,Truncated,2.416099748015848
906,Full,1.3307781137572126
907,Truncated,2.4354363239215466
908,Full,1.368871526234852
909,Truncated,2.4175712218779175
910,Full,1.4376193181264036
911,Truncated,2.4304264137121634
912,Full,1.3775593375698358
913,Truncated,2.4014418882622985
914,Full,1.3779056731583705
915,Truncated,2.4417493382695734
916,Full,1.4161621320767313
917,Truncated,2.4069416776229184
918,Full,1.4193820069762793
919,Truncated,2.4432488058738935
920,Full,1.5162385914578522
921,Truncated,2.4055179680109826
922,Full,1.471205179311656
923,Truncated,2.413700041204044
924,Full,1.4181506475544796
925,Truncated,2.4227448433761327
926,Full,1.4398001050067717
927,Truncated,2.4147373485068875
928,Full,1.4421685315374053
929,Truncated,2.4454715736754298
930,Full,1.3860232091603377
931,Truncated,2.387350291923374
932,Full,1.4636163611374098
933,Truncated,2.4038794293880406
934,Full,1.3628972787404838
935,Truncated,2.4181109217242716
936,Full,1.476648713275338
937,Truncated,2.415715817365803
938,Full,1.4683128183308862
939,Truncated,2.4301766720086255
940,Full,1.305251396165263
941,Truncated,2.4429269587486337
942,Full,1.4267365237792624
943,Truncated,2.4359869469079563
944,Full,1.361107818338979
945,Truncated,2.4380727855453737
946,Full,1.383273103667032
947,Truncated,2.437843006424449
948,Full,1.4151528387723444
949,Truncated,2.405929979780133
950,Full,1.3743866156851727
951,Truncated,2.413692747793889
952,Full,1.33828732962167
953,Truncated,2.4391121033550536
954,Full,1.367469514961351
955,Truncated,2.3971961303280143
956,Full,1.3845933953431588
957,Truncated,2.4120840142615987
958,Full,1.4879069110841734
959,Truncated,2.41713077249293
960,Full,1.444870614214161
961,Truncated,2.419282303577938
962,Full,1.4116071472443996
963,Truncated,2.415066173858498
964,Full,1.3550000571627983
965,Truncated,2.3712859842520344
966,Full,1.4691587256079255
967,Truncated,2.432030863828718
968,Full,1.474107696947462
969,Truncated,2.4194139518470847
970,Full,1.5405231158225487
971,Truncated,2.4041870533316088
972,Full,1.3988176237517194
973,Truncated,2.4199353952108353
974,Full,1.4449573143898404
975,Truncated,2.4606389516354596
976,Full,1.3999232414657024
977,Truncated,2.418650961697304
978,Full,1.4636305122237914
979,Truncated,2.4282125604442695
980,Full,1.4624684509980508
981,Truncated,2.4549797589814113
982,Full,1.3976314412014608
983,Truncated,2.405804230042688
984,Full,1.3615653053284327
985,Truncated,2.401002934394661
986,Full,1.3594461904040855
987,Truncated,2.4567802164670387
988,Full,1.4318168213304454
989,Truncated,2.4674496407149564
990,Full,1.4644602059777632
991,Truncated,2.3856128036383804
992,Full,1.3955247842882257
993,Truncated,2.4082642964894974
994,Full,1.3433908390197236
995,Truncated,2.403588203811571
996,Full,1.452494852166101
997,Truncated,2.429164027782483
998,Full,1.3748556984270233
999,Truncated,2.4047970320400958
1000,Full,1.3624847651032306
1001,Truncated,2.4114682413329027
1002,Full,1.4947972589135836
1003,Truncated,2.4083680018597926
1004,Full,1.4573228453982512
1005,Truncated,2.4065727546855413
1006,Full,1.4158208480713719
1007,Truncated,2.4643651904045707
1008,Full,1.4754438177867677
1009,Truncated,2.4450247533588376
1010,Full,1.4272345539516456
1011,Truncated,2.338326915146778
1012,Full,1.4142600418461788
1013,Truncated,2.398713579886258
1014,Full,1.3228948747787033
1015,Truncated,2.4206834873440726
1016,Full,1.4231999143694924
1017,Truncated,2.3734733087153197
1018,Full,1.436529210953882
1019,Truncated,2.399852906770117
1020,Full,1.3647225434691392
1021,Truncated,2.434848258337642
1022,Full,1.401298068407706
1023,Truncated,2.3795645119648055
1024,Full,1.4315674004721204
1025,Truncated,2.4098848922637917
1026,Full,1.419799076375714
1027,Truncated,2.441163272328677
1028,Full,1.3188698508859977
1029,Truncated,2.3886586923355333
1030,Full,1.44971322327286
1031,Truncated,2.4459522451013602
1032,Full,1.3228378017663107
1033,Truncated,2.416725151778623
1034,Full,1.4306475764141973
1035,Truncated,2.4234412198545505
1036,Full,1.424469765776068
1037,Truncated,2.3945327001029844
1038,Full,1.3507899234226097
1039,Truncated,2.454415886099185
1040,Full,1.4190669059899894
1041,Truncated,2.438059999999063
1042,Full,1.3851698682531415
1043,Truncated,2.4143426553443734
1044,Full,1.4394136299362252
1045,Truncated,2.4310489953143963
1046,Full,1.3969573518701899
1047,Truncated,2.440091627998157
1048,Full,1.3674910177855484
1049,Truncated,2.4264285686057
1050,Full,1.3995076203345254
1051,Truncated,2.3874510476686543
1052,Full,1.4474687205705672
1053,Truncated,2.427639912584037
1054,Full,1.498939717378903
1055,Truncated,2.4114079105601895
1056,Full,1.3427921575340662
1057,Truncated,2.4060254053334953
1058,Full,1.4238599478768186
1059,Truncated,2.4149706272106912
1060,Full,1.418697498929669
1061,Truncated,2.437315869958153
1062,Full,1.4878078400389891
1063,Truncated,2.4134916228427143
1064,Full,1.2818152810444612
1065,Truncated,2.41804797319447
1066,Full,1.4529557100267663
1067,Truncated,2.416222430605555
1068,Full,1.3917018216408021
1069,Truncated,2.4287380764116575
1070,Full,1.4611205428688216
1071,Truncated,2.3798098123431695
1072,Full,1.3609583754954022
1073,Truncated,2.4046639876567975
1074,Full,1.4242498145007072
1075,Truncated,2.4790351017703722
1076,Full,1.3965259294968995
1077,Truncated,2.4033460373298583
1078,Full,1.3618176952443426
1079,Truncated,2.386883336942774
1080,Full,1.4611721116087417
1081,Truncated,2.456247313819812
1082,Full,1.4570827390856218
1083,Truncated,2.4206894315718617
1084,Full,1.4321643973040123
1085,Truncated,2.4589814686391023
1086,Full,1.3938233723934803
1087,Truncated,2.3789244284737414
1088,Full,1.3954239264309467
1089,Truncated,2.43789869347541
1090,Full,1.5249976066277044
1091,Truncated,2.408858766341939
1092,Full,1.3751013446187361
1093,Truncated,2.468964428760452
1094,Full,1.438737511374192
1095,Truncated,2.433505211505639
1096,Full,1.406532797100052
1097,Truncated,2.4092642032753893
1098,Full,1.434121616212971
1099,Truncated,2.4490817038110206
1100,Full,1.4306323670636327
1101,Truncated,2.4227080282197706
1102,Full,1.416205634942849
1103,Truncated,2.406049757736011
1104,Full,1.4464103573478553
1105,Truncated,2.4040536176038714
1106,Full,1.4602942817182984
1107,Truncated,2.4301359569777503
1108,Full,1.3331882434954994
1109,Truncated,2.4322932830291215
1110,Full,1.3579660586223625
1111,Truncated,2.376074840397237
1112,Full,1.330216573617966
1113,Truncated,2.4694778873238405
1114,Full,1.395193274314241
1115,Truncated,2.4160882997659074
1116,Full,1.4168690265484576
1117,Truncated,2.432634181492971
1118,Full,1.4054585202450938
1119,Truncated,2.4316311620180584
1120,Full,1.3863761556627447
1121,Truncated,2.446843439306826
1122,Full,1.326713012623442
1123,Truncated,2.3732554507054866
1124,Full,1.4114107841509715
1125,Truncated,2.4325181117011323
1126,Full,1.4238979007600825
1127,Truncated,2.434041732563537
1128,Full,1.2747725140898187
1129,Truncated,2.4095675899929825
1130,Full,1.4764319259975527
1131,Truncated,2.416902102940232
1132,Full,1.3603220642595168
1133,Truncated,2.4031183901305084
1134,Full,1.3522350740295648
1135,Truncated,2.384327079375505
1136,Full,1.4421808367369247
1137,Truncated,2.3747116409826434
1138,Full,1.4455481696777697
1139,Truncated,2.4641971826375895
1140,Full,1.4213723531412743
1141,Truncated,2.415371254796001
1142,Full,1.431723851980395
1143,Truncated,2.4360953393508575
1144,Full,1.3652201670133708
1145,Truncated,2.4180639281256893
1146,Full,1.5356850020754744
1147,Truncated,2.377525203604548
1148,Full,1.347281937803817
1149,Truncated,2.4143997285013348
1150,Full,1.3991227031988192
1151,Truncated,2.4379528347134714
1152,Full,1.4557971481468297
1153,Truncated,2.4037822956460295
1154,Full,1.4473938972493579
1155,Truncated,2.420175873743413
1156,Full,1.4080349299564558
1157,Truncated,2.372775637695514
1158,Full,1.44391294506013
1159,Truncated,2.4210541518370166
1160,Full,1.350183858789313
1161,Truncated,2.3953792938828498
1162,Full,1.4186958653246002
1163,Truncated,2.4301921637788535
1164,Full,1.3998300530089895
1165,Truncated,2.4144341171810124
1166,Full,1.4694316956326197
1167,Truncated,2.442026448478658
1168,Full,1.4086877995617904
1169,Truncated,2.3892892950262357
1170,Full,1.3665282120043163
1171,Truncated,2.4524734727539506
1172,Full,1.3018877988835473
1173,Truncated,2.4032000912433196
1174,Full,1.3977517226011533
1175,Truncated,2.408182129259565
1176,Full,1.3786885221254288
1177,Truncated,2.4465268181105797
1178,Full,1.3657738462915607
1179,Truncated,2.419966240389556
1180,Full,1.5817844051752252
1181,Truncated,2.4513481576147247
1182,Full,1.4562610786822898
1183,Truncated,2.4113179597476795
1184,Full,1.420996012169654
1185,Truncated,2.4368233927241407
1186,Full,1.395888362204032
1187,Truncated,2.4394988496339245
1188,Full,1.3867193781938136
1189,Truncated,2.4152782835163094
1190,Full,1.3958659319280033
1191,Truncated,2.4024868455627537
1192,Full,1.4381574199165474
1193,Truncated,2.402153784507593
1194,Full,1.4714881151275898
1195,Truncated,2.3915269038176836
1196,Full,1.429653312359225
1197,Truncated,2.4050423008524824
1198,Full,1.3900452969167327
1199,Truncated,2.4484859927324933
1200,Full,1.3479406118677768
1201,Truncated,2.426513773037611
1202,Full,1.421902221065436
1203,Truncated,2.400179164458275
1204,Full,1.412637814216606
1205,Truncated,2.4386609601594484
1206,Full,1.3131090114724706
1207,Truncated,2.4221989465453952
1208,Full,1.4627562604794542
1209,Truncated,2.4512118613132174
1210,Full,1.3911582369410795
1211,Truncated,2.419293493760203
1212,Full,1.4823847799709777
1213,Truncated,2.3894777444285777
1214,Full,1.3959260391757393
1215,Truncated,2.381355222809034
1216,Full,1.4166546233747837
1217,Truncated,2.426820816335465
1218,Full,1.4811783711719655
1219,Truncated,2.412371459106862
1220,Full,1.4456832574155274
1221,Truncated,2.4386330467239175
1222,Full,1.4221472038462617
1223,Truncated,2.4606960894140557
1224,Full,1.3409128602860536
1225,Truncated,2.411257226295519
1226,Full,1.4699037450541386
1227,Truncated,2.4614239379476452
1228,Full,1.3794925138537426
1229,Truncated,2.432662546286859
1230,Full,1.3798110505749563
1231,Truncated,2.449527844426849
1232,Full,1.3412065281596173
1233,Truncated,2.435850686918301
1234,Full,1.4632778478591337
1235,Truncated,2.386479726703743
1236,Full,1.379893130545032
1237,Truncated,2.398836847733983
1238,Full,1.3439484647112665
1239,Truncated,2.4335023067340877
1240,Full,1.3388829387052852
1241,Truncated,2.43442200840589
1242,Full,1.4147861836020827
1243,Truncated,2.37426852331167
1244,Full,1.4486137690006988
1245,Truncated,2.386215534292919
1246,Full,1.5114296662546962
1247,Truncated,2.4177025935443086
1248,Full,1.4193159631036307
1249,Truncated,2.419091575893139
1250,Full,1.4136006888305561
1251,Truncated,2.4143874297273724
1252,Full,1.4473470382543454
1253,Truncated,2.3639601269025157
1254,Full,1.392150786828958
1255,Truncated,2.4227033635836
1256,Full,1.3300938273294467
1257,Truncated,2.416674180525334
1258,Full,1.387158597221021
1259,Truncated,2.4214668750106116
1260,Full,1.4303120665140692
1261,Truncated,2.477789172540716
1262,Full,1.47523935422872
1263,Truncated,2.3953586119303707
1264,Full,1.3763482682379586
1265,Truncated,2.423366010705319
1266,Full,1.41400354889943
1267,Truncated,2.430425810881199
1268,Full,1.3656414494808842
1269,Truncated,2.3859962609448777
1270,Full,1.4742357564420607
1271,Truncated,2.4468043618852358
1272,Full,1.4171983750184467
1273,Truncated,2.412807006990507
1274,Full,1.461457848256393
1275,Truncated,2.4188191047578655
1276,Full,1.365615303456044
1277,Truncated,2.4141208381939387
1278,Full,1.4216856375829345
1279,Truncated,2.4162549804700797
1280,Full,1.494982948776093
1281,Truncated,2.392705704391317
1282,Full,1.3650948608531972
1283,Truncated,2.411285275394129
1284,Full,1.4540909622869962
1285,Truncated,2.429428545879135
1286,Full,1.3476597253281741
1287,Truncated,2.391628673415716
1288,Full,1.4401537894111127
1289,Truncated,2.395790471923638
1290,Full,1.2892798270097439
1291,Truncated,2.4025527305873124
1292,Full,1.3597590101290824
1293,Truncated,2.4191298551499694
1294,Full,1.365175412830122
1295,Truncated,2.41027203306414
1296,Full,1.3808153244405044
1297,Truncated,2.4546233467643703
1298,Full,1.4248773889776634
1299,Truncated,2.436602042023927
1300,Full,1.4516578624252752
1301,Truncated,2.4146822205486407
1302,Full,1.32318856365474
1303,Truncated,2.3733289867113183
1304,Full,1.3495613488962857
1305,Truncated,2.446242925463625
1306,Full,1.4016614529438185
1307,Truncated,2.4185356553705453
1308,Full,1.381761394017619
1309,Truncated,2.379852227751976
1310,Full,1.3507456796027193
1311,Truncated,2.435747300936631
1312,Full,1.3690400992777558
1313,Truncated,2.4106059692959065
1314,Full,1.3953807625858556
1315,Truncated,2.428107409432225
1316,Full,1.4881853965722156
1317,Truncated,2.419478548245079
1318,Full,1.4131783443407449
1319,Truncated,2.412790618345632
1320,Full,1.4613536033814676
1321,Truncated,2.4393700832051857
1322,Full,1.4405387962870646
1323,Truncated,2.4214735673565224
1324,Full,1.420467261257975
1325,Truncated,2.3738185913788152
1326,Full,1.3699963039196443
1327,Truncated,2.4258342344327386
1328,Full,1.5181673569430238
1329,Truncated,2.4409518535467596
1330,Full,1.3880754655923604
1331,Truncated,2.388934841475157
1332,Full,1.3973396911851999
1333,Truncated,2.395856327516909
1334,Full,1.368200521993898
1335,Truncated,2.4328933849257077
1336,Full,1.4400553160997327
1337,Truncated,2.436401110406029
1338,Full,1.4131642359108947
1339,Truncated,2.438853286805017
1340,Full,1.3884893819697806
1341,Truncated,2.4465819767335852
1342,Full,1.3105985811255043
1343,Truncated,2.4082647382426
1344,Full,1.3571905057767633
1345,Truncated,2.4472226466286147
1346,Full,1.395593413385236
1347,Truncated,2.375170355389004
1348,Full,1.4571356134156468
1349,Truncated,2.3892296811638767
1350,Full,1.3524968346017396
1351,Truncated,2.4509838382928315
1352,Full,1.4454192916050186
1353,Truncated,2.410309263962554
1354,Full,1.4204388142171815
1355,Truncated,2.4650846742237698
1356,Full,1.441603058127457
1357,Truncated,2.3756885945665545
1358,Full,1.401702980746657
1359,Truncated,2.3971433663425485
1360,Full,1.3908561784047795
1361,Truncated,2.4421745762812006
1362,Full,1.465448764079715
1363,Truncated,2.451433825582831
1364,Full,1.378949161166855
1365,Truncated,2.4421164393638826
1366,Full,1.4615438803017948
1367,Truncated,2.4317695139358357
1368,Full,1.3285887427763021
1369,Truncated,2.425971709378441
1370,Full,1.4124062769533299
1371,Truncated,2.4105323537235206
1372,Full,1.3438264739669692
1373,Truncated,2.446045835978903
1374,Full,1.4579584137815724
1375,Truncated,2.4288179891167863
1376,Full,1.4938596907892736
1377,Truncated,2.3887408022647185
1378,Full,1.4132328863672956
1379,Truncated,2.4655510441798514
1380,Full,1.3549555141527396
1381,Truncated,2.38107497807551
1382,Full,1.4013287117631328
1383,Truncated,2.429079105961871
1384,Full,1.391440189273633
1385,Truncated,2.464625938999071
1386,Full,1.3130373213633804
1387,Truncated,2.381714718456406
1388,Full,1.4710788367273935
1389,Truncated,2.4214404642654914
1390,Full,1.2126493357573846
1391,Truncated,2.4260267694395594
1392,Full,1.4554805682951932
1393,Truncated,2.4292450747611247
1394,Full,1.3390173981824045
1395,Truncated,2.402151427017087
1396,Full,1.3039258603964081
1397,Truncated,2.4163757709984197
1398,Full,1.4531950957762583
1399,Truncated,2.430321126851214
1400,Full,1.3685871408496957
1401,Truncated,2.4264488897199867
1402,Full,1.4279959435765333
1403,Truncated,2.445561123716895
1404,Full,1.44762904129483
1405,Truncated,2.402881141459283
1406,Full,1.3770187767540762
1407,Truncated,2.4368775545541825
1408,Full,1.2485601649593843
1409,Truncated,2.436812500493315
1410,Full,1.4412330820778763
1411,Truncated,2.4434867414199823
1412,Full,1.3841229837209519
1413,Truncated,2.4236853620106715
1414,Full,1.3850977324595648
1415,Truncated,2.4165067193257217
1416,Full,1.406080803616736
1417,Truncated,2.4030474722104076
1418,Full,1.2786778498789766
1419,Truncated,2.4066882142097628
1420,Full,1.433187609063567
1421,Truncated,2.4097892224143087
1422,Full,1.4549768258102187
1423,Truncated,2.4021564147692573
1424,Full,1.3832436658592218
1425,Truncated,2.42586370790334
1426,Full,1.394951717033
1427,Truncated,2.387355645126122
1428,Full,1.4034413722709027
1429,Truncated,2.420375634245908
1430,Full,1.4005296472379438
1431,Truncated,2.3842985555479705
1432,Full,1.43102340271145
1433,Truncated,2.431608688400042
1434,Full,1.328647217576672
1435,Truncated,2.4008051575052356
1436,Full,1.4911432468742594
1437,Truncated,2.4081045965107983
1438,Full,1.338785426700818
1439,Truncated,2.426229144037504
1440,Full,1.3373030954541199
1441,Truncated,2.380248573182287
1442,Full,1.4459397593213912
1443,Truncated,2.4392706024142585
1444,Full,1.3809330598084906
1445,Truncated,2.4708640192858984
1446,Full,1.3504399927320625
1447,Truncated,2.4355525029554785
1448,Full,1.4053844625393972
1449,Truncated,2.4230542086436406
1450,Full,1.39153925070955
1451,Truncated,2.365716197810896
1452,Full,1.2918941443102103
1453,Truncated,2.4281840449079266
1454,Full,1.4662327818344534
1455,Truncated,2.4112821260914385
1456,Full,1.4117848917260536
1457,Truncated,2.4442758782063643
1458,Full,1.4271391559309556
1459,Truncated,2.389757208174752
1460,Full,1.4364745954122853
1461,Truncated,2.477154962351771
1462,Full,1.5017688180549977
1463,Truncated,2.4247946623593974
1464,Full,1.473011409293381
1465,Truncated,2.443617257893391
1466,Full,1.4071293423797127
1467,Truncated,2.425972006469876
1468,Full,1.4534048797173902
1469,Truncated,2.375908390128526
1470,Full,1.4228693087595983
1471,Truncated,2.4080517457136894
1472,Full,1.3991515949668103
1473,Truncated,2.4152260821740605
1474,Full,1.470762099001759
1475,Truncated,2.4423849055200924
1476,Full,1.4065409802419284
1477,Truncated,2.455203522474333
1478,Full,1.2997492808375604
1479,Truncated,2.37172155734108
1480,Full,1.4191968620312703
1481,Truncated,2.3924763847505095
1482,Full,1.4546946546753934
1483,Truncated,2.4147445720482765
1484,Full,1.4103794106435386
1485,Truncated,2.431027886384416
1486,Full,1.4049678236054701
1487,Truncated,2.412044083680936
1488,Full,1.4196844702983906
1489,Truncated,2.4281078398324376
1490,Full,1.4170945253176488
1491,Truncated,2.4402559729724964
1492,Full,1.4406003959768454
1493,Truncated,2.4186292229015462
1494,Full,1.4498867049365127
1495,Truncated,2.423433117308551
1496,Full,1.391454605015107
1497,Truncated,2.426111371562114
1498,Full,1.3908838784219117
1499,Truncated,2.4147369884312866
1500,Full,1.4600160153743267
1501,Truncated,2.393219933777929
1502,Full,1.3850275205547167
1503,Truncated,2.4022433594281503
1504,Full,1.503906997163876
1505,Truncated,2.4103206342885506
1506,Full,1.3817888554912279
1507,Truncated,2.430910928510143
1508,Full,1.3808608307740633
1509,Truncated,2.431525538874971
1510,Full,1.5135677149823086
1511,Truncated,2.440856954782446
1512,Full,1.3933239287552097
1513,Truncated,2.436181855390619
1514,Full,1.4637934217581134
1515,Truncated,2.409523418948199
1516,Full,1.491059095940827
1517,Truncated,2.395704949836186
1518,Full,1.3606263004679295
1519,Truncated,2.470092520648831
1520,Full,1.461780910723729
1521,Truncated,2.4139006559938343
1522,Full,1.4699595063161015
1523,Truncated,2.4231864337477473
1524,Full,1.395742289961856
1525,Truncated,2.4011501515388156
1526,Full,1.3731534131845406
1527,Truncated,2.4155338256835712
1528,Full,1.4292243784979761
1529,Truncated,2.4368448225225388
1530,Full,1.424310110588443
1531,Truncated,2.413310229692237
1532,Full,1.4319500978537663
1533,Truncated,2.403635952397088
1534,Full,1.407177470243989
1535,Truncated,2.3959869281769537
1536,Full,1.4879040429350916
1537,Truncated,2.436335307769985
1538,Full,1.414715293718042
1539,Truncated,2.3937216558736396
1540,Full,1.47514617181704
1541,Truncated,2.442195003494348
1542,Full,1.4418619363435763
1543,Truncated,2.4456328028673804
1544,Full,1.354132051542985
1545,Truncated,2.3939171298237403
1546,Full,1.4137277994424038
1547,Truncated,2.4494541985182208
1548,Full,1.4573365234122115
1549,Truncated,2.441302048996657
1550,Full,1.3483802505449263
1551,Truncated,2.431202939083465
1552,Full,1.4100797334716888
1553,Truncated,2.414531065253165
1554,Full,1.3669471493455703
1555,Truncated,2.415657506319559
1556,Full,1.4310107956218203
1557,Truncated,2.4089313772263687
1558,Full,1.408959904393472
1559,Truncated,2.408101187452954
1560,Full,1.4612730983052054
1561,Truncated,2.397255723342538
1562,Full,1.3583086645589826
1563,Truncated,2.417199724726032
1564,Full,1.411229982797047
1565,Truncated,2.4510402263200297
1566,Full,1.4506766209455855
1567,Truncated,2.394364576078652
1568,Full,1.5081917345749363
1569,Truncated,2.4352904489062737
1570,Full,1.3454904629902584
1571,Truncated,2.4453160408385393
1572,Full,1.3468839476775687
1573,Truncated,2.3985727655746834
1574,Full,1.4973268013566134
1575,Truncated,2.40021418013655
1576,Full,1.367859284148904
1577,Truncated,2.4043721662747997
1578,Full,1.4518641203130165
1579,Truncated,2.3936542932795053
1580,Full,1.3577612863692132
1581,Truncated,2.4324769960373467
1582,Full,1.3911077484727696
1583,Truncated,2.4075760140578994
1584,Full,1.3875305138658194
1585,Truncated,2.4324880590047795
1586,Full,1.4801863209600554
1587,Truncated,2.4068236005550534
1588,Full,1.4225430386507374
1589,Truncated,2.4116428452425986
1590,Full,1.4819912126982797
1591,Truncated,2.4360867403977133
1592,Full,1.3591652469148883
1593,Truncated,2.4069358185859153
1594,Full,1.3775139176612186
1595,Truncated,2.4408505999226007
1596,Full,1.4361468387303629
1597,Truncated,2.4518325242958285
1598,Full,1.3234358163903497
1599,Truncated,2.4128741803841662
1600,Full,1.4720253809277375
1601,Truncated,2.41515418549094
1602,Full,1.4176805316044052
1603,Truncated,2.435839835476156
1604,Full,1.403430658171759
1605,Truncated,2.405973771409605
1606,Full,1.3334428172392179
1607,Truncated,2.418321959956008
1608,Full,1.4280721206155036
1609,Truncated,2.435695332926155
1610,Full,1.356096197708263
1611,Truncated,2.400229491329275
1612,Full,1.357820348248832
1613,Truncated,2.4353848678040335
1614,Full,1.3851528759709169
1615,Truncated,2.3723304456170857
1616,Full,1.3668920547477044
1617,Truncated,2.4011183443697943
1618,Full,1.387080692787659
1619,Truncated,2.4096776896914576
1620,Full,1.4464263902440868
1621,Truncated,2.4187826778321933
1622,Full,1.486332831051627
1623,Truncated,2.4133736710294045
1624,Full,1.3811631935289586
1625,Truncated,2.41136534221726
1626,Full,1.377281473361687
1627,Truncated,2.38643483745947
1628,Full,1.4080265603267315
1629,Truncated,2.420316728381733
1630,Full,1.406603283204394
1631,Truncated,2.434214099954467
1632,Full,1.4106314472447914
1633,Truncated,2.437191182682154
1634,Full,1.4329852187752512
1635,Truncated,2.415227125791141
1636,Full,1.4337708506287183
1637,Truncated,2.444218987009447
1638,Full,1.4652903632710301
1639,Truncated,2.402827749022066
1640,Full,1.5064357991015545
1641,Truncated,2.354583157441364
1642,Full,1.49642847881699
1643,Truncated,2.442901796717581
1644,Full,1.3788149133357144
1645,Truncated,2.425150220142723
1646,Full,1.4974372831035112
1647,Truncated,2.4091257344639794
1648,Full,1.472466371247425
1649,Truncated,2.373490939650268
1650,Full,1.3440366583575551
1651,Truncated,2.382870822295783
1652,Full,1.3024478118470746
1653,Truncated,2.441156359237598
1654,Full,1.3603004205077032
1655,Truncated,2.4083900821115263
1656,Full,1.299324922302056
1657,Truncated,2.4038675155756226
1658,Full,1.4807087272368178
1659,Truncated,2.38024244861598
1660,Full,1.3852259722836127
1661,Truncated,2.4299997556373816
1662,Full,1.3817860124600674
1663,Truncated,2.4376506419824167
1664,Full,1.4732195223365192
1665,Truncated,2.4278776608478867
1666,Full,1.3846320287198806
1667,Truncated,2.4620583919601957
1668,Full,1.421118915775397
1669,Truncated,2.4464882441860833
1670,Full,1.3430475703094995
1671,Truncated,2.445821432802494
1672,Full,1.4042209041435503
1673,Truncated,2.4357083603431193
1674,Full,1.4359025572100805
1675,Truncated,2.4150098916204343
1676,Full,1.4344598368924175
1677,Truncated,2.3976895902316584
1678,Full,1.39059614356614
1679,Truncated,2.3929555638616358
1680,Full,1.3963218487213325
1681,Truncated,2.3839122451821226
1682,Full,1.3823123045428551
1683,Truncated,2.4534398103254986
1684,Full,1.3820184905147301
1685,Truncated,2.412543763716481
1686,Full,1.4562779989944339
1687,Truncated,2.4122480906401362
1688,Full,1.3552969025342403
1689,Truncated,2.3500009868980727
1690,Full,1.426778253225874
1691,Truncated,2.42202686436542
1692,Full,1.3778493128847178
1693,Truncated,2.4273871083320007
1694,Full,1.4120224796188199
1695,Truncated,2.4111057636063835
1696,Full,1.3893042048023423
1697,Truncated,2.415806092635668
1698,Full,1.4037169045245004
1699,Truncated,2.4128990221325486
1700,Full,1.4697332537150707
1701,Truncated,2.433520918293341
1702,Full,1.434686631044738
1703,Truncated,2.4077568495396506
1704,Full,1.4678764225675764
1705,Truncated,2.4320156869349416
1706,Full,1.3773133051617588
1707,Truncated,2.4001669709982485
1708,Full,1.386558277750042
1709,Truncated,2.357742543319495
1710,Full,1.4507434438324727
1711,Truncated,2.442235006886475
1712,Full,1.4769781284473622
1713,Truncated,2.4137906331793464
1714,Full,1.4666371635004491
1715,Truncated,2.428396691462755
1716,Full,1.44204879465252
1717,Truncated,2.4368381385424263
1718,Full,1.4485276653466297
1719,Truncated,2.4014627020558685
1720,Full,1.4041853510313935
1721,Truncated,2.41705776492174
1722,Full,1.4301122340705565
1723,Truncated,2.3932138920222057
1724,Full,1.343262560333056
1725,Truncated,2.3559034777260495
1726,Full,1.384978864118408
1727,Truncated,2.3973922065539646
1728,Full,1.3835289181517514
1729,Truncated,2.4351755864219475
1730,Full,1.3571916410551852
1731,Truncated,2.3921564847949393
1732,Full,1.3362589978213855
1733,Truncated,2.4474462653755986
1734,Full,1.4902919934901036
1735,Truncated,2.423245826405812
1736,Full,1.4435032822723382
1737,Truncated,2.4157352250619213
1738,Full,1.3534123084920993
1739,Truncated,2.4638548814405175
1740,Full,1.4300299767770208
1741,Truncated,2.4269835314080543
1742,Full,1.4568849924123686
1743,Truncated,2.4209743330552027
1744,Full,1.4518445941475997
1745,Truncated,2.425833589577361
1746,Full,1.4294053303535557
1747,Truncated,2.40301531804309
1748,Full,1.4343939231479097
1749,Truncated,2.442364389197673
1750,Full,1.4711512115143637
1751,Truncated,2.4010386304108438
1752,Full,1.323382981850815
1753,Truncated,2.409430846403253
1754,Full,1.3883872044193764
1755,Truncated,2.433921599260437
1756,Full,1.3307015028992937
1757,Truncated,2.424289746475123
1758,Full,1.4631887901242633
1759,Truncated,2.4583935791345133
1760,Full,1.4230204501474835
1761,Truncated,2.433936300408958
1762,Full,1.4404730218954953
1763,Truncated,2.406699894904221
1764,Full,1.3232434516639227
1765,Truncated,2.424947920164912
1766,Full,1.4968964153527091
1767,Truncated,2.4457217191497915
1768,Full,1.326146657962802
1769,Truncated,2.4088565793082397
1770,Full,1.3628072443131551
1771,Truncated,2.375951735246941
1772,Full,1.38838754926554
1773,Truncated,2.423079587024173
1774,Full,1.3258202022711483
1775,Truncated,2.404151132158243
1776,Full,1.3860323245143096
1777,Truncated,2.417604156968087
1778,Full,1.5277859185796907
1779,Truncated,2.43468995168129
1780,Full,1.551991875706522
1781,Truncated,2.4354442614929135
1782,Full,1.3622672735873624
1783,Truncated,2.4261572954879234
1784,Full,1.3777923950408137
1785,Truncated,2.3323166058657665
1786,Full,1.3519272242305171
1787,Truncated,2.439860347911727
1788,Full,1.4996536064792454
1789,Truncated,2.4234183675779404
1790,Full,1.2837396129450014
1791,Truncated,2.392702414347407
1792,Full,1.4834866843327785
1793,Truncated,2.3647274882858733
1794,Full,1.4182920595525688
1795,Truncated,2.4067653324511475
1796,Full,1.3617698668187859
1797,Truncated,2.4029191884804133
1798,Full,1.4916897914689837
1799,Truncated,2.4225600251187402
1800,Full,1.3653782769315181
1801,Truncated,2.4023432151302755
1802,Full,1.460684021557972
1803,Truncated,2.447468300494871
1804,Full,1.405219865655619
1805,Truncated,2.374219994137282
1806,Full,1.4398276908006582
1807,Truncated,2.3973561882414893
1808,Full,1.3978719497693528
1809,Truncated,2.341730328676073
1810,Full,1.3633893285554843
1811,Truncated,2.395196035877844
1812,Full,1.4213043352815575
1813,Truncated,2.4238545776644904
1814,Full,1.3440463061427033
1815,Truncated,2.3831506815760926
1816,Full,1.3973175486461098
1817,Truncated,2.4197315710963734
1818,Full,1.4618641848290652
1819,Truncated,2.4263927699023418
1820,Full,1.486686983784331
1821,Truncated,2.431198242477295
1822,Full,1.3310759018141978
1823,Truncated,2.4323561935195235
1824,Full,1.4529983621285527
1825,Truncated,2.4383937843193806
1826,Full,1.3720811909678843
1827,Truncated,2.42590867370735
1828,Full,1.4015444113109086
1829,Truncated,2.4525819387997485
1830,Full,1.4530652108007545
1831,Truncated,2.42626478738507
1832,Full,1.4526912615400889
1833,Truncated,2.4493802278791366
1834,Full,1.3624311354902645
1835,Truncated,2.422309990549874
1836,Full,1.4505310225471881
1837,Truncated,2.412007289222852
1838,Full,1.4317201612110215
1839,Truncated,2.419641383599429
1840,Full,1.5427141119242134
1841,Truncated,2.40489441609039
1842,Full,1.3919175104718986
1843,Truncated,2.4350830164461383
1844,Full,1.3996659095347246
1845,Truncated,2.4348133447398093
1846,Full,1.2934319272816708
1847,Truncated,2.4198520882406447
1848,Full,1.3604719544078845
1849,Truncated,2.426511284851842
1850,Full,1.4784254066722524
1851,Truncated,2.405528005576721
1852,Full,1.4714926817579947
1853,Truncated,2.4378740828667946
1854,Full,1.396232141490587
1855,Truncated,2.437790255976266
1856,Full,1.4223136906842133
1857,Truncated,2.412671082484711
1858,Full,1.410184801907429
1859,Truncated,2.416116015814324
1860,Full,1.4423035044650712
1861,Truncated,2.401437114183228
1862,Full,1.4674366349434098
1863,Truncated,2.4498835327887667
1864,Full,1.35966630450894
1865,Truncated,2.458272513066073
1866,Full,1.4137309312045012
1867,Truncated,2.449823733514699
1868,Full,1.381489010072276
1869,Truncated,2.418145827571238
1870,Full,1.4427540004837538
1871,Truncated,2.398267700839965
1872,Full,1.2983608131645599
1873,Truncated,2.411408078126072
1874,Full,1.452899920482143
1875,Truncated,2.4210725360509877
1876,Full,1.4203924780024324
1877,Truncated,2.4060975326357767
1878,Full,1.3588881024095743
1879,Truncated,2.416022843888567
1880,Full,1.273665969196914
1881,Truncated,2.484291861643106
1882,Full,1.4033322881802353
1883,Truncated,2.389976042174887
1884,Full,1.2747220823043166
1885,Truncated,2.4307265186334406
1886,Full,1.4333213757309704
1887,Truncated,2.42434934546758
1888,Full,1.3341597563846723
1889,Truncated,2.4250029144548506
1890,Full,1.5292032533405102
1891,Truncated,2.375532052455827
1892,Full,1.3345148661262598
1893,Truncated,2.442553224057187
1894,Full,1.3849534070370382
1895,Truncated,2.413745713087499
1896,Full,1.4408660072102584
1897,Truncated,2.431218797685154
1898,Full,1.4090516646515094
1899,Truncated,2.4139258101198786
1900,Full,1.3592360916776165
1901,Truncated,2.4173579460429133
1902,Full,1.4671960292210564
1903,Truncated,2.410214985686918
1904,Full,1.4805313148307107
1905,Truncated,2.4240702460218015
1906,Full,1.4265979827053723
1907,Truncated,2.430479514431193
1908,Full,1.316941334685054
1909,Truncated,2.413762037212075
1910,Full,1.429844593844876
1911,Truncated,2.3788010309252954
1912,Full,1.353705869133208
1913,Truncated,2.366354373034782
1914,Full,1.442660714028559
1915,Truncated,2.380490418592597
1916,Full,1.3775604832141313
1917,Truncated,2.436708306408922
1918,Full,1.4933060424849927
1919,Truncated,2.4467975619101896
1920,Full,1.3211577908219803
1921,Truncated,2.4611064639089433
1922,Full,1.3213374948707102
1923,Truncated,2.4447118490618176
1924,Full,1.4146509402133314
1925,Truncated,2.4227485927966095
1926,Full,1.4546031899241503
1927,Truncated,2.423582038018007
1928,Full,1.4022316385844755
1929,Truncated,2.3786002111837994
1930,Full,1.3226385653625603
1931,Truncated,2.4562145593747085
1932,Full,1.3704600071184578
1933,Truncated,2.40580340563392
1934,Full,1.3770181574920415
1935,Truncated,2.3972738274302188
1936,Full,1.4709285967075758
1937,Truncated,2.4163626504771263
1938,Full,1.4065302837107247
1939,Truncated,2.4169763012349756
1940,Full,1.424803687687159
1941,Truncated,2.4791538409516205
1942,Full,1.3805819053267772
1943,Truncated,2.4101322706359403
1944,Full,1.3850166982408876
1945,Truncated,2.439268850678158
1946,Full,1.3376128477185132
1947,Truncated,2.39831553904322
1948,Full,1.4446840670337873
1949,Truncated,2.413572537039086
1950,Full,1.4016712757924086
1951,Truncated,2.4309568458142308
1952,Full,1.4353808393347296
1953,Truncated,2.379050996854214
1954,Full,1.3796586963984068
1955,Truncated,2.425688924562626
1956,Full,1.495591386178307
1957,Truncated,2.3879909919807982
1958,Full,1.366317995929818
1959,Truncated,2.4138836690442025
1960,Full,1.4037787771560726
1961,Truncated,2.439706122362673
1962,Full,1.512671066744399
1963,Truncated,2.384393433247637
1964,Full,1.4061076233119543
1965,Truncated,2.4733760025525404
1966,Full,1.3764844847971964
1967,Truncated,2.4239451156521645
1968,Full,1.4263801835956282
1969,Truncated,2.4776834639585776
1970,Full,1.4081817270401493
1971,Truncated,2.4206818247731285
1972,Full,1.4964166473271963
1973,Truncated,2.406112559919154
1974,Full,1.4065938910241411
1975,Truncated,2.431957037479778
1976,Full,1.4011664682298983
1977,Truncated,2.405258573529114
1978,Full,1.3799697206564339
1979,Truncated,2.4233460234260686
1980,Full,1.4414310649691426
1981,Truncated,2.4601598379984195
1982,Full,1.413167192463269
1983,Truncated,2.3912190420924153
1984,Full,1.423150998535385
1985,Truncated,2.433252662265334
1986,Full,1.4386855017425908
1987,Truncated,2.3972306066434657
1988,Full,1.5332633686690509
1989,Truncated,2.4447945256207655
1990,Full,1.4719162825083965
1991,Truncated,2.4351755446670174
1992,Full,1.4072657539568971
1993,Truncated,2.4021284110523475
1994,Full,1.375986736648176
1995,Truncated,2.41978051004383
1996,Full,1.3236988531349954
1997,Truncated,2.4220344372796165
1998,Full,1.4478460250681142
1999,Truncated,2.3804936316712757
