,userid,board_name,player,missed_win,shutter,correct,mean_shutter_cat
0,10d2eb59,10_medium_pruned,1.0,0.0,0.5,0,medium
1,10d2eb59,10_medium_pruned,2.0,1.0,0.5,0,medium
2,10d437bd,10_hard_full,1.0,0.3333333333333333,1.25,0,wide
3,10d437bd,10_hard_full,2.0,1.0,1.25,0,wide
4,11a64d17,6_hard_pruned,1.0,0.0,0.18181818181818182,0,medium
5,11a64d17,6_hard_pruned,2.0,1.0,0.18181818181818182,0,medium
6,11d4bf94,6_hard_full,1.0,0.5,0.8333333333333334,0,wide
7,11d4bf94,6_hard_full,2.0,0.5,0.8333333333333334,0,wide
8,11dfe866,6_easy_pruned,1.0,0.0,0.0,1,narrow
9,11dfe866,6_easy_pruned,2.0,1.0,0.0,1,narrow
10,11e652f7,6_hard_pruned,2.0,1.0,0.25,0,medium
11,11f436f2,10_easy_pruned,1.0,0.0,0.0,1,narrow
12,12eacae6,6_easy_full,1.0,0.0,1.3333333333333333,0,wide
13,12eacae6,6_easy_full,2.0,0.6,1.3333333333333333,0,wide
14,12ebbfd2,6_easy_pruned,1.0,0.0,0.0,1,narrow
15,13b7468e,10_hard_pruned,1.0,0.0,1.0,1,wide
16,13b7468e,10_hard_pruned,2.0,1.0,1.0,1,wide
17,13d3015e,10_easy_full,1.0,0.0,0.8,0,wide
18,13d3015e,10_easy_full,2.0,1.0,0.8,0,wide
19,13dbbfb8,10_hard_pruned,1.0,0.0,0.16666666666666666,0,narrow
20,13dbbfb8,10_hard_pruned,2.0,0.6,0.16666666666666666,0,narrow
21,13e5a30f,10_easy_pruned,1.0,0.0,0.4090909090909091,1,medium
22,13e5a30f,10_easy_pruned,2.0,1.0,0.4090909090909091,1,medium
23,13f4ff5a,10_hard_full,1.0,0.5,0.5,0,medium
24,13f4ff5a,10_hard_full,2.0,0.8333333333333334,0.5,0,medium
25,14b4c043,6_hard_full,1.0,0.0,0.0,0,narrow
26,14b4c043,6_hard_full,2.0,0.25,0.0,0,narrow
27,14c5dc72,6_hard_full,1.0,0.0,0.08333333333333333,0,narrow
28,14c5dc72,6_hard_full,2.0,0.6666666666666666,0.08333333333333333,0,narrow
29,14c6b1ae,10_hard_pruned,1.0,0.0,0.0,1,narrow
30,14c6d368,10_medium_pruned,1.0,0.0,0.0,1,narrow
31,14d64999,6_hard_pruned,1.0,0.0,0.18181818181818182,1,medium
32,15b2249e,10_medium_full,1.0,0.5,0.5,0,medium
33,15b55c06,6_easy_full,1.0,0.6666666666666666,2.0,0,wide
34,15b55c06,6_easy_full,2.0,1.0,2.0,0,wide
35,15c4420d,10_easy_full,1.0,0.0,0.5,0,medium
36,15c4420d,10_easy_full,2.0,1.0,0.5,0,medium
37,15f2fc36,10_medium_pruned,1.0,0.0,0.25,0,medium
38,16a2336c,6_easy_pruned,1.0,0.0,0.0,0,narrow
39,16c1a872,10_easy_pruned,1.0,0.0,0.0,1,narrow
40,16d516ad,6_hard_pruned,1.0,0.0,0.0,0,narrow
41,16d516ad,6_hard_pruned,2.0,1.0,0.0,0,narrow
42,16e512d0,6_easy_pruned,1.0,0.0,1.1428571428571428,1,wide
43,16e512d0,6_easy_pruned,2.0,1.0,1.1428571428571428,1,wide
44,16ead0a0,10_easy_full,1.0,1.0,0.9,0,wide
45,16ead0a0,10_easy_full,2.0,1.0,0.9,0,wide
46,16f6e58d,10_hard_pruned,1.0,0.5,0.6774193548387096,0,wide
47,16f6e58d,10_hard_pruned,2.0,0.6666666666666666,0.6774193548387096,0,wide
48,17b4c1ea,6_hard_full,1.0,0.0,0.7368421052631579,1,wide
49,17b4c1ea,6_hard_full,2.0,0.25,0.7368421052631579,1,wide
50,17e120dd,6_hard_full,1.0,0.5,0.5483870967741935,0,wide
51,17e120dd,6_hard_full,2.0,0.14285714285714285,0.5483870967741935,0,wide
52,17f6cea6,10_medium_pruned,1.0,0.3333333333333333,0.5555555555555556,1,wide
53,17f6cea6,10_medium_pruned,2.0,1.0,0.5555555555555556,1,wide
54,18a4334a,10_hard_full,1.0,1.0,0.32558139534883723,0,medium
55,18a4334a,10_hard_full,2.0,0.4,0.32558139534883723,0,medium
56,18a695e2,10_hard_pruned,1.0,0.125,0.1568627450980392,0,narrow
57,18a695e2,10_hard_pruned,2.0,0.8571428571428571,0.1568627450980392,0,narrow
58,18c75602,10_medium_full,1.0,0.0,0.2,1,medium
59,18dac9ef,6_hard_full,1.0,0.0,0.0,0,narrow
60,19a105e3,6_easy_pruned,1.0,0.0,1.28,1,wide
61,19a105e3,6_easy_pruned,2.0,0.6666666666666666,1.28,1,wide
62,19a1a95d,10_hard_pruned,1.0,0.0,0.3333333333333333,1,medium
63,19a561a7,6_easy_full,1.0,0.8888888888888888,1.7027027027027026,1,wide
64,19a561a7,6_easy_full,2.0,1.0,1.7027027027027026,1,wide
65,19b680e2,10_medium_pruned,1.0,0.0,0.2,1,medium
66,19d58478,10_hard_full,1.0,0.0,0.0,0,narrow
67,1ab458e7,10_easy_full,1.0,0.5,0.7384615384615385,0,wide
68,1ab458e7,10_easy_full,2.0,0.72,0.7384615384615385,0,wide
69,1ab6da15,10_medium_full,1.0,0.5,0.7213114754098361,0,wide
70,1ab6da15,10_medium_full,2.0,0.6666666666666666,0.7213114754098361,0,wide
71,1bd72c42,10_hard_pruned,1.0,0.0,0.5,0,medium
72,1dac01e7,6_hard_pruned,1.0,1.0,0.15,0,narrow
73,1dac01e7,6_hard_pruned,2.0,1.0,0.15,0,narrow
74,1de715c7,6_easy_pruned,1.0,0.0,1.6666666666666667,0,wide
75,1de74153,10_easy_full,1.0,0.6206896551724138,1.7058823529411764,0,wide
76,1de74153,10_easy_full,2.0,0.9714285714285714,1.7058823529411764,0,wide
77,1df22596,6_easy_pruned,1.0,0.0,0.0,1,narrow
78,1df6940e,10_hard_full,1.0,0.0,0.0,1,narrow
79,1ee2f27e,10_hard_pruned,1.0,0.0,0.625,0,wide
80,1ee2f27e,10_hard_pruned,2.0,1.0,0.625,0,wide
81,1fa5910b,10_medium_full,1.0,0.0,0.0,0,narrow
82,1fd1a960,6_easy_pruned,1.0,0.3333333333333333,1.7142857142857142,0,wide
83,1fd1a960,6_easy_pruned,2.0,0.75,1.7142857142857142,0,wide
84,1fdbc072,6_easy_pruned,1.0,0.0,0.6666666666666666,0,wide
85,1fe6d227,10_medium_pruned,1.0,0.0,0.0,1,narrow
86,1feef0c1,10_easy_pruned,1.0,0.0,0.21428571428571427,1,medium
87,1feef0c1,10_easy_pruned,2.0,1.0,0.21428571428571427,1,medium
88,1feffe13,10_medium_pruned,1.0,0.0,0.0,1,narrow
89,1ff4f828,10_hard_full,1.0,0.0,0.2,0,medium
90,1ff4f828,10_hard_full,2.0,0.6666666666666666,0.2,0,medium
91,20a4fec4,10_easy_full,1.0,0.0,0.5,0,medium
92,20a4fec4,10_easy_full,2.0,0.0,0.5,0,medium
93,20bfd7bd,6_hard_full,1.0,0.0,0.0,0,narrow
94,20bfd7bd,6_hard_full,2.0,0.3333333333333333,0.0,0,narrow
95,20e1bd34,10_hard_full,1.0,0.0,0.17647058823529413,1,medium
96,20e1bd34,10_hard_full,2.0,1.0,0.17647058823529413,1,medium
97,21abc061,10_hard_full,1.0,0.6,1.0,0,wide
98,21abc061,10_hard_full,2.0,0.6666666666666666,1.0,0,wide
99,21d292ce,10_medium_full,1.0,0.3333333333333333,1.6388888888888888,0,wide
100,21f1bc74,6_easy_pruned,1.0,0.0,0.06666666666666667,1,narrow
101,21f1bc74,6_easy_pruned,2.0,0.6666666666666666,0.06666666666666667,1,narrow
102,22b2f18d,10_easy_full,1.0,0.0,2.5,0,wide
103,22b2f18d,10_easy_full,2.0,1.0,2.5,0,wide
104,22c15f64,10_medium_pruned,1.0,0.0,0.0,1,narrow
105,22c1b18a,10_hard_pruned,1.0,0.0,0.0,1,narrow
106,22c5aae4,10_medium_pruned,1.0,0.16666666666666666,0.5714285714285714,1,wide
107,22c5aae4,10_medium_pruned,2.0,0.6666666666666666,0.5714285714285714,1,wide
108,22dac859,6_hard_full,1.0,0.25,0.35714285714285715,0,medium
109,22dac859,6_hard_full,2.0,0.6551724137931034,0.35714285714285715,0,medium
110,22f580c9,6_easy_full,1.0,1.0,1.7692307692307692,0,wide
111,22f580c9,6_easy_full,2.0,0.6666666666666666,1.7692307692307692,0,wide
112,23a58279,10_easy_pruned,1.0,0.5,0.2,1,medium
113,23a58279,10_easy_pruned,2.0,1.0,0.2,1,medium
114,23b6924e,10_easy_full,1.0,0.3333333333333333,0.29850746268656714,0,medium
115,23b6924e,10_easy_full,2.0,0.9696969696969697,0.29850746268656714,0,medium
116,23b6aa96,10_easy_pruned,1.0,0.0,0.6071428571428571,0,wide
117,23b6aa96,10_easy_pruned,2.0,1.0,0.6071428571428571,0,wide
118,23dbc11c,10_hard_full,1.0,0.0,0.6666666666666666,0,wide
119,23dbc11c,10_hard_full,2.0,0.8571428571428571,0.6666666666666666,0,wide
120,24a5e25a,6_hard_full,1.0,0.0,0.5333333333333333,0,wide
121,24a5e25a,6_hard_full,2.0,1.0,0.5333333333333333,0,wide
122,24b61c03,6_hard_full,1.0,0.0,0.0,0,narrow
123,24b61c03,6_hard_full,2.0,1.0,0.0,0,narrow
124,24d445c5,10_easy_full,1.0,1.0,1.1923076923076923,1,wide
125,24d445c5,10_easy_full,2.0,0.4444444444444444,1.1923076923076923,1,wide
126,24e58a14,6_easy_full,1.0,0.16666666666666666,0.6285714285714286,1,wide
127,24e58a14,6_easy_full,2.0,1.0,0.6285714285714286,1,wide
128,24f4c091,6_hard_full,1.0,0.0,0.32142857142857145,0,medium
129,24f4c091,6_hard_full,2.0,0.5,0.32142857142857145,0,medium
130,25b43b96,10_hard_pruned,1.0,1.0,0.5555555555555556,0,wide
131,25b43b96,10_hard_pruned,2.0,1.0,0.5555555555555556,0,wide
132,25b4e27c,6_hard_pruned,1.0,0.6666666666666666,0.5909090909090909,0,wide
133,25b4e27c,6_hard_pruned,2.0,0.6666666666666666,0.5909090909090909,0,wide
134,25b60fb4,6_hard_full,1.0,1.0,1.1538461538461537,0,wide
135,25b60fb4,6_hard_full,2.0,1.0,1.1538461538461537,0,wide
136,25c4c0ab,6_hard_full,1.0,0.5,0.6666666666666666,0,wide
137,25c4c0ab,6_hard_full,2.0,1.0,0.6666666666666666,0,wide
138,25cfdeaf,6_hard_pruned,1.0,0.5,0.4166666666666667,0,medium
139,25cfdeaf,6_hard_pruned,2.0,1.0,0.4166666666666667,0,medium
140,25dfef96,6_easy_full,1.0,0.3333333333333333,0.0,1,narrow
141,25dfef96,6_easy_full,2.0,1.0,0.0,1,narrow
142,25f6ce98,10_hard_full,1.0,0.0,0.5,0,medium
143,25f6ce98,10_hard_full,2.0,1.0,0.5,0,medium
144,26dbf6e9,6_hard_full,1.0,0.0,0.18181818181818182,1,medium
145,26dbf6e9,6_hard_full,2.0,0.0,0.18181818181818182,1,medium
146,26e154ac,10_hard_full,1.0,0.42857142857142855,0.16,1,narrow
147,26e154ac,10_hard_full,2.0,0.8571428571428571,0.16,1,narrow
148,26e55a5a,6_easy_full,1.0,0.75,1.5681818181818181,0,wide
149,26e55a5a,6_easy_full,2.0,0.35714285714285715,1.5681818181818181,0,wide
150,26e680e4,10_easy_full,2.0,1.0,0.5116279069767442,0,wide
151,27e436f9,6_easy_pruned,1.0,0.0,0.3076923076923077,1,medium
152,27e436f9,6_easy_pruned,2.0,0.75,0.3076923076923077,1,medium
153,27e58321,10_hard_pruned,1.0,0.0,0.3333333333333333,0,medium
154,27e58321,10_hard_pruned,2.0,1.0,0.3333333333333333,0,medium
155,28a580c4,10_medium_full,1.0,0.0,0.11320754716981132,0,narrow
156,28a580c4,10_medium_full,2.0,1.0,0.11320754716981132,0,narrow
157,28d4fefb,10_hard_pruned,1.0,0.25,0.16666666666666666,1,narrow
158,28d4fefb,10_hard_pruned,2.0,0.8333333333333334,0.16666666666666666,1,narrow
159,28e6483c,6_hard_pruned,1.0,0.0,0.0,0,narrow
160,28e67c08,10_hard_full,1.0,0.0,0.0,1,narrow
161,29bff31a,10_easy_pruned,1.0,0.0,0.0,1,narrow
162,29e72a67,10_medium_pruned,1.0,0.5714285714285714,1.988888888888889,0,wide
163,29e72a67,10_medium_pruned,2.0,0.625,1.988888888888889,0,wide
164,2aa15594,10_medium_pruned,1.0,0.125,0.125,1,narrow
165,2aa15594,10_medium_pruned,2.0,1.0,0.125,1,narrow
166,2aa6b178,10_hard_pruned,1.0,0.25,0.41025641025641024,0,medium
167,2aa6b178,10_hard_pruned,2.0,0.7333333333333333,0.41025641025641024,0,medium
168,2aabe76a,6_easy_full,1.0,1.0,0.3333333333333333,0,medium
169,2aabe76a,6_easy_full,2.0,1.0,0.3333333333333333,0,medium
170,2ab4ecbb,6_hard_pruned,2.0,0.8,0.6176470588235294,0,wide
171,2abedf01,10_hard_full,1.0,0.3333333333333333,0.7586206896551724,0,wide
172,2abedf01,10_hard_full,2.0,0.3333333333333333,0.7586206896551724,0,wide
173,2ac591b0,10_easy_pruned,1.0,0.5,0.5,0,medium
174,2ac591b0,10_easy_pruned,2.0,0.8333333333333334,0.5,0,medium
175,2ae55a14,6_easy_pruned,1.0,0.0,0.0,1,narrow
176,2af42b8d,6_easy_full,1.0,0.0,0.07142857142857142,1,narrow
177,2afbbf79,6_hard_pruned,1.0,0.2,0.2903225806451613,0,medium
178,2afbbf79,6_hard_pruned,2.0,0.8,0.2903225806451613,0,medium
179,2bcfe659,6_easy_full,1.0,1.0,0.5526315789473685,0,wide
180,2bcfe659,6_easy_full,2.0,1.0,0.5526315789473685,0,wide
181,2bd232b2,10_hard_full,2.0,1.0,2.142857142857143,0,wide
182,2bd72f3e,10_medium_pruned,1.0,0.0,0.0,1,narrow
183,2be432b7,10_hard_pruned,1.0,1.0,0.6,1,wide
184,2be432b7,10_hard_pruned,2.0,1.0,0.6,1,wide
185,2ca66220,6_hard_pruned,1.0,0.0,0.0,0,narrow
186,2ca66220,6_hard_pruned,2.0,1.0,0.0,0,narrow
187,2cb650ed,6_hard_pruned,1.0,0.14285714285714285,0.05405405405405406,1,narrow
188,2cb650ed,6_hard_pruned,2.0,1.0,0.05405405405405406,1,narrow
189,2ce1ab22,10_easy_pruned,1.0,0.0,0.0,1,narrow
190,2dca846d,6_easy_pruned,1.0,0.0,0.47058823529411764,0,medium
191,2dca846d,6_easy_pruned,2.0,1.0,0.47058823529411764,0,medium
192,2dfbc35a,6_easy_pruned,1.0,0.3333333333333333,0.8,0,wide
193,2ecee330,6_easy_full,1.0,0.0,0.23076923076923078,1,medium
194,2ed2eb11,10_easy_pruned,1.0,0.0,0.125,1,narrow
195,2ed2eb11,10_easy_pruned,2.0,1.0,0.125,1,narrow
196,2fa647f5,6_hard_pruned,1.0,0.0,0.5,0,medium
197,2fb4f99a,10_hard_full,1.0,0.0,0.0,1,narrow
198,2fd101b0,10_easy_pruned,1.0,1.0,0.4782608695652174,0,medium
199,2fd101b0,10_easy_pruned,2.0,0.9565217391304348,0.4782608695652174,0,medium
200,2fd310c0,6_easy_full,2.0,1.0,0.0,1,narrow
201,2fe692a5,10_easy_full,1.0,0.0,0.0,1,narrow
202,2ff50f64,6_hard_pruned,1.0,0.0,0.0,0,narrow
203,2ff50f64,6_hard_pruned,2.0,1.0,0.0,0,narrow
204,30c4e230,6_hard_pruned,1.0,0.5384615384615384,0.41935483870967744,0,medium
205,30c4e230,6_hard_pruned,2.0,0.6875,0.41935483870967744,0,medium
206,30e4feac,6_hard_pruned,1.0,0.6666666666666666,0.3076923076923077,0,medium
207,30e4feac,6_hard_pruned,2.0,1.0,0.3076923076923077,0,medium
208,30f2f747,10_hard_pruned,1.0,0.16666666666666666,0.26666666666666666,0,medium
209,30f2f747,10_hard_pruned,2.0,0.5,0.26666666666666666,0,medium
210,31b2e974,10_easy_full,1.0,0.0,0.42857142857142855,0,medium
211,31b2e974,10_easy_full,2.0,0.8571428571428571,0.42857142857142855,0,medium
212,31b4fc9e,10_easy_full,1.0,0.0,0.42857142857142855,1,medium
213,31b4fc9e,10_easy_full,2.0,1.0,0.42857142857142855,1,medium
214,31e63b91,6_hard_full,1.0,0.0,0.45,0,medium
215,31e63b91,6_hard_full,2.0,0.7142857142857143,0.45,0,medium
216,31f6a576,10_hard_pruned,1.0,0.4,0.1836734693877551,0,medium
217,31f6a576,10_hard_pruned,2.0,0.8333333333333334,0.1836734693877551,0,medium
218,32a55a14,6_easy_pruned,1.0,0.0,0.0,1,narrow
219,32a55a14,6_easy_pruned,2.0,1.0,0.0,1,narrow
220,32a581e0,10_medium_pruned,1.0,0.6,0.3181818181818182,1,medium
221,32a581e0,10_medium_pruned,2.0,0.875,0.3181818181818182,1,medium
222,32b10037,6_easy_full,1.0,1.0,0.9444444444444444,0,wide
223,32b10037,6_easy_full,2.0,1.0,0.9444444444444444,0,wide
224,32bf008f,6_easy_pruned,1.0,0.0,0.0,1,narrow
225,32e14a26,10_hard_full,1.0,0.0,0.3333333333333333,0,medium
226,32e14a26,10_hard_full,2.0,0.5,0.3333333333333333,0,medium
227,32e2e940,10_medium_pruned,1.0,0.25,0.0,1,narrow
228,32e2e940,10_medium_pruned,2.0,1.0,0.0,1,narrow
229,32ebf2e8,6_hard_full,1.0,0.6,0.48,1,medium
230,32ebf2e8,6_hard_full,2.0,0.8333333333333334,0.48,1,medium
231,32fad07f,10_hard_pruned,1.0,0.125,0.0,1,narrow
232,33a74451,10_medium_pruned,1.0,0.25,0.2857142857142857,1,medium
233,33a74451,10_medium_pruned,2.0,1.0,0.2857142857142857,1,medium
234,33b693e2,6_easy_pruned,1.0,0.0,0.0,0,narrow
235,33b693e2,6_easy_pruned,2.0,1.0,0.0,0,narrow
236,33bbca9a,10_medium_full,1.0,0.0,0.125,0,narrow
237,33c1b7cd,10_medium_pruned,1.0,0.2222222222222222,0.45714285714285713,1,medium
238,33c1b7cd,10_medium_pruned,2.0,1.0,0.45714285714285713,1,medium
239,33c5818d,6_easy_full,2.0,0.5,0.6,0,wide
240,33e649bd,6_hard_pruned,1.0,0.0,0.3,0,medium
241,33e649bd,6_hard_pruned,2.0,0.0,0.3,0,medium
242,33ebe68d,6_easy_pruned,1.0,0.0,0.8333333333333334,1,wide
243,33ebe68d,6_easy_pruned,2.0,0.0,0.8333333333333334,1,wide
244,34b12db9,10_hard_full,1.0,0.0,1.2142857142857142,0,wide
245,34b12db9,10_hard_full,2.0,0.6666666666666666,1.2142857142857142,0,wide
246,34b59cc7,10_medium_pruned,1.0,0.25,0.13043478260869565,1,narrow
247,34b59cc7,10_medium_pruned,2.0,1.0,0.13043478260869565,1,narrow
248,34c6c058,10_easy_pruned,1.0,0.0,0.5,0,medium
249,34c6c058,10_easy_pruned,2.0,1.0,0.5,0,medium
250,34cffc40,6_easy_full,2.0,1.0,0.0,0,narrow
251,34d51755,10_medium_full,1.0,0.0,0.16666666666666666,0,narrow
252,36c1af0c,10_medium_full,1.0,0.6666666666666666,0.5,0,medium
253,36ebe4da,10_medium_full,1.0,0.0,0.25,0,medium
254,37bffc4e,10_easy_full,1.0,0.7142857142857143,1.0,1,wide
255,37bffc4e,10_easy_full,2.0,0.4,1.0,1,wide
256,37d59204,10_hard_pruned,1.0,1.0,2.076923076923077,0,wide
257,37d59204,10_hard_pruned,2.0,0.5,2.076923076923077,0,wide
258,37e6e013,10_medium_pruned,1.0,0.0,0.0,1,narrow
259,37f61258,6_hard_full,1.0,0.5,0.6,0,wide
260,38a1a872,10_medium_full,1.0,0.0,0.8,0,wide
261,38abe966,6_easy_full,1.0,0.0,0.0,1,narrow
262,38c1ac46,10_easy_pruned,1.0,0.0,0.5555555555555556,1,wide
263,38c1ac46,10_easy_pruned,2.0,1.0,0.5555555555555556,1,wide
264,38cbc1f6,10_medium_full,1.0,0.5,0.21951219512195122,0,medium
265,38cbc1f6,10_medium_full,2.0,1.0,0.21951219512195122,0,medium
266,38e2e9be,6_easy_pruned,1.0,0.0,0.16666666666666666,0,narrow
267,38e2e9be,6_easy_pruned,2.0,1.0,0.16666666666666666,0,narrow
268,38e6c356,10_hard_pruned,1.0,0.3333333333333333,0.6842105263157895,0,wide
269,38e6c356,10_hard_pruned,2.0,0.8333333333333334,0.6842105263157895,0,wide
270,38ebbf94,6_hard_full,1.0,1.0,0.22727272727272727,0,medium
271,38ebbf94,6_hard_full,2.0,0.6,0.22727272727272727,0,medium
272,39a23ae7,10_easy_full,1.0,0.6666666666666666,1.2407407407407407,0,wide
273,39a23ae7,10_easy_full,2.0,0.9444444444444444,1.2407407407407407,0,wide
274,39afd1eb,10_easy_pruned,1.0,0.0,0.0,1,narrow
275,39afd1eb,10_easy_pruned,2.0,1.0,0.0,1,narrow
276,39b67ab6,10_medium_full,1.0,0.8,1.8333333333333333,0,wide
277,39eeed89,10_easy_pruned,1.0,0.0,0.2857142857142857,0,medium
278,39eeed89,10_easy_pruned,2.0,1.0,0.2857142857142857,0,medium
279,3ab7160d,10_easy_pruned,1.0,0.0,0.6304347826086957,1,wide
280,3ab7160d,10_easy_pruned,2.0,0.8333333333333334,0.6304347826086957,1,wide
281,3ac5170c,10_easy_full,1.0,0.0,0.35294117647058826,1,medium
282,3ac5170c,10_easy_full,2.0,1.0,0.35294117647058826,1,medium
283,3acff9fa,6_easy_full,1.0,0.0,0.5,0,medium
284,3ad4e7d3,6_hard_pruned,1.0,0.0,0.0,1,narrow
285,3af4bfbb,6_hard_full,1.0,0.0,1.0,0,wide
286,3af4bfbb,6_hard_full,2.0,0.3333333333333333,1.0,0,wide
287,3bac0799,6_easy_full,1.0,0.0,0.0,1,narrow
288,3bb613b2,6_hard_full,1.0,0.0,0.06666666666666667,0,narrow
289,3bb613b2,6_hard_full,2.0,0.0,0.06666666666666667,0,narrow
290,3cd60baf,6_hard_full,1.0,0.0,0.0,1,narrow
291,3cd60baf,6_hard_full,2.0,0.0,0.0,1,narrow
292,3ce55b94,6_easy_full,2.0,1.0,0.5897435897435898,0,wide
293,3cf580c7,6_easy_pruned,1.0,0.2,0.5714285714285714,0,wide
294,3cf580c7,6_easy_pruned,2.0,0.8148148148148148,0.5714285714285714,0,wide
295,3db583aa,10_medium_pruned,1.0,0.0,0.0,0,narrow
296,3dc571a5,6_easy_pruned,1.0,0.0,0.14285714285714285,1,narrow
297,3dc571a5,6_easy_pruned,2.0,0.0,0.14285714285714285,1,narrow
298,3dc59c17,10_easy_full,1.0,0.6666666666666666,0.8285714285714286,0,wide
299,3dc59c17,10_easy_full,2.0,0.967741935483871,0.8285714285714286,0,wide
300,3de2a23d,10_hard_full,1.0,0.2,0.0,1,narrow
301,3de2a23d,10_hard_full,2.0,1.0,0.0,1,narrow
302,3df11bae,6_hard_full,1.0,0.3333333333333333,0.5238095238095238,0,wide
303,3df11bae,6_hard_full,2.0,0.25,0.5238095238095238,0,wide
304,3dfad0f2,10_easy_full,2.0,1.0,0.4,0,medium
305,3ea43816,10_hard_pruned,1.0,0.0,0.0,1,narrow
306,3ec55e12,6_easy_pruned,1.0,0.0,0.0,0,narrow
307,3ed1161d,10_medium_pruned,1.0,0.0,0.16666666666666666,0,narrow
308,3ed1161d,10_medium_pruned,2.0,1.0,0.16666666666666666,0,narrow
309,3ef64929,6_hard_pruned,1.0,0.0,0.0,0,narrow
310,3fa1bb85,10_hard_pruned,1.0,0.0,0.1111111111111111,1,narrow
311,3fa1bb85,10_hard_pruned,2.0,1.0,0.1111111111111111,1,narrow
312,3fcbc0ab,6_easy_full,1.0,1.0,1.4615384615384615,1,wide
313,3fcbc0ab,6_easy_full,2.0,0.4,1.4615384615384615,1,wide
314,3ff2e93a,6_easy_full,1.0,0.0,0.1,1,narrow
315,40a29d8c,10_easy_pruned,1.0,0.5,0.22727272727272727,1,medium
316,40a29d8c,10_easy_pruned,2.0,1.0,0.22727272727272727,1,medium
317,40a74de0,6_easy_full,1.0,0.0,0.4375,1,medium
318,40c6c24a,10_hard_pruned,1.0,0.0,0.14285714285714285,0,narrow
319,40c6c24a,10_hard_pruned,2.0,0.0,0.14285714285714285,0,narrow
320,40e4e2b8,6_hard_pruned,1.0,0.0,0.0,0,narrow
321,41a6aea3,10_hard_pruned,1.0,0.8,0.47619047619047616,0,medium
322,41a6aea3,10_hard_pruned,2.0,0.3333333333333333,0.47619047619047616,0,medium
323,41bad9a2,10_hard_pruned,1.0,0.0,0.5882352941176471,1,wide
324,41bad9a2,10_hard_pruned,2.0,0.8571428571428571,0.5882352941176471,1,wide
325,42f75809,10_medium_pruned,1.0,0.0,0.0,1,narrow
326,43c516b5,10_medium_pruned,1.0,0.3333333333333333,0.2727272727272727,1,medium
327,43c516b5,10_medium_pruned,2.0,1.0,0.2727272727272727,1,medium
328,43c60cd9,6_hard_full,1.0,0.0,0.20833333333333334,1,medium
329,43c60cd9,6_hard_full,2.0,0.5,0.20833333333333334,1,medium
330,43cad2c3,10_medium_pruned,1.0,0.5,1.0,0,wide
331,43dbc360,10_easy_pruned,1.0,0.5,0.3333333333333333,1,medium
332,43dbc360,10_easy_pruned,2.0,1.0,0.3333333333333333,1,medium
333,43e56481,6_easy_pruned,1.0,0.0,0.0,1,narrow
334,43e64821,6_hard_pruned,1.0,0.0,0.4583333333333333,0,medium
335,43e64821,6_hard_pruned,2.0,0.75,0.4583333333333333,0,medium
336,44a4fa14,6_hard_full,1.0,0.0,0.0,0,narrow
337,44a4fa14,6_hard_full,2.0,0.5,0.0,0,narrow
338,44a65230,6_hard_pruned,1.0,0.0,0.0,0,narrow
339,44a65230,6_hard_pruned,2.0,1.0,0.0,0,narrow
340,44c2eb5a,10_easy_full,1.0,0.3333333333333333,0.37333333333333335,0,medium
341,44c2eb5a,10_easy_full,2.0,0.9523809523809523,0.37333333333333335,0,medium
342,44eedf0e,6_easy_full,1.0,1.0,0.8125,0,wide
343,44eedf0e,6_easy_full,2.0,0.7777777777777778,0.8125,0,wide
344,45b146b0,10_hard_full,1.0,0.0,0.5,0,medium
345,45b146b0,10_hard_full,2.0,0.8,0.5,0,medium
346,45b64f9c,6_hard_pruned,1.0,0.0,0.16666666666666666,0,narrow
347,45c16f91,6_easy_pruned,1.0,0.3333333333333333,0.5,1,medium
348,45f6b774,10_hard_pruned,1.0,0.5,0.6666666666666666,0,wide
349,45f6b774,10_hard_pruned,2.0,1.0,0.6666666666666666,0,wide
350,46c12352,10_easy_pruned,1.0,0.0,0.6153846153846154,1,wide
351,46c12352,10_easy_pruned,2.0,1.0,0.6153846153846154,1,wide
352,46d5945f,6_easy_full,1.0,0.0,0.0,1,narrow
353,46e6d530,10_medium_pruned,1.0,0.0,0.0,1,narrow
354,47a58969,6_easy_pruned,1.0,0.0,0.0,1,narrow
355,47dbc824,10_easy_pruned,1.0,0.0,1.2222222222222223,0,wide
356,47dbc824,10_easy_pruned,2.0,0.5,1.2222222222222223,0,wide
357,47f614be,6_hard_full,1.0,0.0,0.39215686274509803,1,medium
358,47f614be,6_hard_full,2.0,0.42857142857142855,0.39215686274509803,1,medium
359,48c70a00,6_easy_pruned,2.0,0.8333333333333334,0.4,0,medium
360,48e6dc30,10_hard_full,1.0,0.5,0.5,0,medium
361,48e6dc30,10_hard_full,2.0,1.0,0.5,0,medium
362,48ec02bc,10_medium_full,1.0,0.625,0.5116279069767442,0,wide
363,48ec02bc,10_medium_full,2.0,1.0,0.5116279069767442,0,wide
364,48f1c6a9,10_easy_pruned,1.0,0.0,0.14285714285714285,1,narrow
365,49b6bf52,10_easy_pruned,1.0,0.5,0.41935483870967744,0,medium
366,49b6bf52,10_easy_pruned,2.0,1.0,0.41935483870967744,0,medium
367,49c72e9b,6_hard_pruned,1.0,0.0,0.0,0,narrow
368,49e6113d,6_hard_full,1.0,0.75,0.046511627906976744,0,narrow
369,49e6113d,6_hard_full,2.0,0.0,0.046511627906976744,0,narrow
370,4ab308f9,6_easy_pruned,1.0,0.0,0.0,1,narrow
371,4ac58df4,10_hard_pruned,1.0,0.42857142857142855,0.42592592592592593,0,medium
372,4ac58df4,10_hard_pruned,2.0,0.7,0.42592592592592593,0,medium
373,4af5df5d,6_hard_full,1.0,0.0,0.0,0,narrow
374,4af5df5d,6_hard_full,2.0,0.6666666666666666,0.0,0,narrow
375,4bb243a6,10_hard_full,1.0,0.0,1.1428571428571428,0,wide
376,4bb243a6,10_hard_full,2.0,0.2857142857142857,1.1428571428571428,0,wide
377,4bca7fc9,6_hard_pruned,1.0,0.0,0.5,0,medium
378,4bca7fc9,6_hard_pruned,2.0,1.0,0.5,0,medium
379,4bfffc8c,10_hard_pruned,1.0,0.0,1.0,0,wide
380,4bfffc8c,10_hard_pruned,2.0,1.0,1.0,0,wide
381,4ca65156,6_hard_pruned,1.0,1.0,0.5185185185185185,0,wide
382,4ca65156,6_hard_pruned,2.0,0.7,0.5185185185185185,0,wide
383,4cb651bd,6_hard_pruned,1.0,0.0,0.0,0,narrow
384,4cb651bd,6_hard_pruned,2.0,0.6666666666666666,0.0,0,narrow
385,4cb73467,10_medium_full,1.0,0.2,0.09259259259259259,0,narrow
386,4cb73467,10_medium_full,2.0,1.0,0.09259259259259259,0,narrow
387,4cf589a5,10_hard_pruned,1.0,0.3333333333333333,0.3972602739726027,1,medium
388,4cf589a5,10_hard_pruned,2.0,0.875,0.3972602739726027,1,medium
389,4cffe209,10_medium_full,1.0,0.5,0.15625,0,narrow
390,4cffe209,10_medium_full,2.0,1.0,0.15625,0,narrow
391,4dc50d03,6_easy_pruned,2.0,1.0,1.5,0,wide
392,4de431b1,6_easy_full,1.0,1.0,0.3783783783783784,0,medium
393,4de431b1,6_easy_full,2.0,0.9166666666666666,0.3783783783783784,0,medium
394,4de4f27d,10_medium_full,1.0,0.25,0.25,0,medium
395,4de4f27d,10_medium_full,2.0,1.0,0.25,0,medium
396,4de6cf95,10_hard_full,1.0,0.0,0.0,0,narrow
397,4de6cf95,10_hard_full,2.0,1.0,0.0,0,narrow
398,4eb4f441,10_easy_pruned,1.0,0.0,0.0,1,narrow
399,4ecfea32,10_easy_pruned,1.0,0.3333333333333333,0.9375,0,wide
400,4ecfea32,10_easy_pruned,2.0,1.0,0.9375,0,wide
401,4ed4c1d3,6_hard_full,1.0,0.0,0.1,1,narrow
402,4ed4c1d3,6_hard_full,2.0,0.6666666666666666,0.1,1,narrow
403,4ed4e40b,6_hard_pruned,1.0,0.0,0.0,1,narrow
404,4ed4e40b,6_hard_pruned,2.0,0.75,0.0,1,narrow
405,4ed755f1,6_easy_full,2.0,1.0,0.0,0,narrow
406,4ee64c2a,6_hard_pruned,1.0,0.625,0.3877551020408163,0,medium
407,4ee64c2a,6_hard_pruned,2.0,0.8181818181818182,0.3877551020408163,0,medium
408,4fa58511,10_medium_pruned,1.0,0.4,0.2972972972972973,1,medium
409,4fa58511,10_medium_pruned,2.0,1.0,0.2972972972972973,1,medium
410,4fb692a0,10_easy_pruned,1.0,0.0,0.25,0,medium
411,4fb692a0,10_easy_pruned,2.0,1.0,0.25,0,medium
412,4fba815c,10_medium_pruned,1.0,0.2,0.16666666666666666,0,narrow
413,50c2b014,6_easy_full,1.0,0.0,0.0,1,narrow
414,50c60ba6,6_hard_full,1.0,0.0,0.0,1,narrow
415,50d2ea0b,10_easy_full,1.0,0.5,0.2727272727272727,0,medium
416,50d2ea0b,10_easy_full,2.0,1.0,0.2727272727272727,0,medium
417,50f6b001,10_hard_pruned,1.0,0.6666666666666666,1.3478260869565217,0,wide
418,50f6b001,10_hard_pruned,2.0,0.875,1.3478260869565217,0,wide
419,51a4e32d,6_hard_pruned,1.0,0.3333333333333333,0.47619047619047616,0,medium
420,51a4e32d,6_hard_pruned,2.0,0.6666666666666666,0.47619047619047616,0,medium
421,51b4380a,10_hard_pruned,1.0,0.0,0.0,0,narrow
422,53a654e5,6_hard_pruned,1.0,1.0,0.5333333333333333,0,wide
423,53a654e5,6_hard_pruned,2.0,0.6666666666666666,0.5333333333333333,0,wide
424,53c4c041,6_hard_full,1.0,0.0,0.3076923076923077,0,medium
425,53c4c041,6_hard_full,2.0,0.2,0.3076923076923077,0,medium
426,53d65632,6_hard_pruned,1.0,0.0,0.23529411764705882,0,medium
427,53d65632,6_hard_pruned,2.0,0.6666666666666666,0.23529411764705882,0,medium
428,53e6ac01,10_easy_pruned,1.0,0.0,0.6666666666666666,0,wide
429,53e6ac01,10_easy_pruned,2.0,1.0,0.6666666666666666,0,wide
430,54d4fd9d,10_medium_full,1.0,0.6666666666666666,0.18421052631578946,0,medium
431,54d4fd9d,10_medium_full,2.0,1.0,0.18421052631578946,0,medium
432,54f4bf95,6_hard_full,1.0,0.0,0.0,1,narrow
433,54f4bf95,6_hard_full,2.0,0.0,0.0,1,narrow
434,54f6b927,10_medium_full,1.0,0.5,0.23809523809523808,0,medium
435,55a709fd,6_easy_pruned,2.0,0.5,1.4,0,wide
436,55c68fc5,10_easy_full,1.0,0.5,0.421875,0,medium
437,55c68fc5,10_easy_full,2.0,1.0,0.421875,0,medium
438,55e1abb3,10_easy_full,1.0,0.0,0.8166666666666667,1,wide
439,55e1abb3,10_easy_full,2.0,0.625,0.8166666666666667,1,wide
440,55f5fe54,6_hard_full,1.0,0.0,1.25,0,wide
441,55f5fe54,6_hard_full,2.0,1.0,1.25,0,wide
442,56b1504d,10_medium_pruned,1.0,0.0,0.0,0,narrow
443,56b584cf,10_hard_pruned,1.0,0.0,0.3,1,medium
444,56b584cf,10_hard_pruned,2.0,1.0,0.3,1,medium
445,56e6f5d2,10_easy_full,1.0,0.0,0.9090909090909091,0,wide
446,56e6f5d2,10_easy_full,2.0,0.5,0.9090909090909091,0,wide
447,57a4bf4b,6_hard_full,1.0,0.0,0.0,1,narrow
448,57aedfe7,10_hard_full,2.0,0.5,0.0,0,narrow
449,57f14696,10_easy_full,1.0,0.0,1.3333333333333333,0,wide
450,57f14696,10_easy_full,2.0,0.5384615384615384,1.3333333333333333,0,wide
451,58d72aaf,10_easy_full,1.0,0.5,0.8636363636363636,0,wide
452,58d72aaf,10_easy_full,2.0,0.8571428571428571,0.8636363636363636,0,wide
453,58e1a94c,10_easy_pruned,1.0,0.3333333333333333,0.0,1,narrow
454,58e1a94c,10_easy_pruned,2.0,1.0,0.0,1,narrow
455,58e72ee8,6_easy_pruned,1.0,0.0,0.0,1,narrow
456,58e72ee8,6_easy_pruned,2.0,1.0,0.0,1,narrow
457,59d4e268,6_hard_pruned,1.0,0.6666666666666666,0.4406779661016949,0,medium
458,59d4e268,6_hard_pruned,2.0,0.72,0.4406779661016949,0,medium
459,59d51c4c,6_easy_full,1.0,1.0,1.2666666666666666,0,wide
460,59d51c4c,6_easy_full,2.0,0.6666666666666666,1.2666666666666666,0,wide
461,59e1b4a9,10_easy_full,1.0,0.25,1.4210526315789473,0,wide
462,59e1b4a9,10_easy_full,2.0,0.7,1.4210526315789473,0,wide
463,59f235f8,10_easy_pruned,2.0,1.0,0.3333333333333333,1,medium
464,5aa6aa9a,10_easy_pruned,1.0,0.4,0.2,0,medium
465,5aa6aa9a,10_easy_pruned,2.0,1.0,0.2,0,medium
466,5ac2feee,10_medium_pruned,1.0,0.0,0.0,1,narrow
467,5acfeabc,6_easy_full,1.0,0.0,0.0,1,narrow
468,5adff9a5,6_hard_pruned,1.0,0.3333333333333333,0.15384615384615385,0,narrow
469,5adff9a5,6_hard_pruned,2.0,0.5,0.15384615384615385,0,narrow
470,5aebf3c2,10_easy_pruned,1.0,0.0,0.35294117647058826,0,medium
471,5aebf3c2,10_easy_pruned,2.0,0.8333333333333334,0.35294117647058826,0,medium
472,5bc4f225,10_hard_pruned,1.0,0.0,0.0,1,narrow
473,5cd6bb63,10_easy_full,1.0,0.5714285714285714,1.5609756097560976,0,wide
474,5cd6bb63,10_easy_full,2.0,0.5833333333333334,1.5609756097560976,0,wide
475,5ce612bc,6_hard_full,1.0,0.0,0.7272727272727273,0,wide
476,5dbfe29c,6_hard_pruned,1.0,0.3333333333333333,0.45454545454545453,0,medium
477,5dbfe29c,6_hard_pruned,2.0,0.0,0.45454545454545453,0,medium
478,5dd4c056,6_hard_full,1.0,0.0,0.0,0,narrow
479,5dd4e3a2,6_hard_pruned,1.0,0.0,0.0,0,narrow
480,5de11557,6_easy_full,1.0,0.5,0.3333333333333333,1,medium
481,5de11557,6_easy_full,2.0,0.7,0.3333333333333333,1,medium
482,5eb14b17,10_medium_full,1.0,0.3333333333333333,0.2962962962962963,0,medium
483,5eb14b17,10_medium_full,2.0,1.0,0.2962962962962963,0,medium
484,5edbbf73,6_hard_full,1.0,0.0,0.4444444444444444,0,medium
485,5edbbf73,6_hard_full,2.0,0.25,0.4444444444444444,0,medium
486,5ee23430,6_easy_pruned,1.0,0.3333333333333333,0.42105263157894735,1,medium
487,5ee23430,6_easy_pruned,2.0,1.0,0.42105263157894735,1,medium
488,5efbf191,10_medium_pruned,1.0,0.0,0.0,1,narrow
489,5efbf191,10_medium_pruned,2.0,0.75,0.0,1,narrow
490,5fa1b8b9,10_easy_full,1.0,0.0,0.6666666666666666,0,wide
491,5fa1b8b9,10_easy_full,2.0,0.5,0.6666666666666666,0,wide
492,5fa651bb,6_hard_pruned,1.0,0.5,0.5238095238095238,0,wide
493,5fa651bb,6_hard_pruned,2.0,0.4444444444444444,0.5238095238095238,0,wide
494,60e6bcce,10_easy_pruned,1.0,0.0,0.375,0,medium
495,60e6bcce,10_easy_pruned,2.0,1.0,0.375,0,medium
496,61c6d297,10_medium_pruned,1.0,0.6,0.17647058823529413,0,medium
497,61c6d297,10_medium_pruned,2.0,1.0,0.17647058823529413,0,medium
498,61e65cc1,6_hard_pruned,1.0,0.6666666666666666,0.23076923076923078,0,medium
499,61e65cc1,6_hard_pruned,2.0,0.6666666666666666,0.23076923076923078,0,medium
500,62e2950a,6_easy_pruned,2.0,1.0,0.2857142857142857,1,medium
501,62e6aa66,10_hard_pruned,1.0,0.4444444444444444,0.2903225806451613,0,medium
502,62e6aa66,10_hard_pruned,2.0,0.8333333333333334,0.2903225806451613,0,medium
503,63a146c7,10_medium_full,1.0,0.5,0.3076923076923077,0,medium
504,63c4bfcb,6_hard_full,1.0,0.5,0.125,0,narrow
505,63c4bfcb,6_hard_full,2.0,0.6666666666666666,0.125,0,narrow
506,63e5efe1,6_hard_full,1.0,0.0,0.3076923076923077,1,medium
507,63e6cf13,10_medium_pruned,1.0,0.0,0.0,0,narrow
508,64f61543,6_hard_full,1.0,0.0,0.0,0,narrow
509,64f61543,6_hard_full,2.0,1.0,0.0,0,narrow
510,65afea1f,6_hard_pruned,1.0,0.0,0.8,0,wide
511,65afea1f,6_hard_pruned,2.0,1.0,0.8,0,wide
512,65b29750,6_easy_full,1.0,0.0,0.023255813953488372,1,narrow
513,65d16666,10_easy_full,1.0,0.0,0.375,1,medium
514,65d16666,10_easy_full,2.0,1.0,0.375,1,medium
515,65e519cb,6_hard_pruned,1.0,0.0,0.0,1,narrow
516,65f4e348,6_hard_pruned,1.0,0.0,0.2,0,medium
517,65f4e348,6_hard_pruned,2.0,0.625,0.2,0,medium
518,65f68460,10_hard_full,1.0,0.0,0.0,1,narrow
519,66aee800,10_easy_full,1.0,0.0,0.4,0,medium
520,66aee800,10_easy_full,2.0,1.0,0.4,0,medium
521,66b442b7,10_easy_full,1.0,0.2857142857142857,0.26153846153846155,0,medium
522,66b442b7,10_easy_full,2.0,1.0,0.26153846153846155,0,medium
523,66eee342,10_easy_pruned,1.0,0.125,1.7912087912087913,1,wide
524,66eee342,10_easy_pruned,2.0,0.45454545454545453,1.7912087912087913,1,wide
525,66f5647d,6_easy_full,1.0,1.0,0.45161290322580644,0,medium
526,66f5647d,6_easy_full,2.0,1.0,0.45161290322580644,0,medium
527,67abc3ab,6_easy_pruned,1.0,0.5,1.5897435897435896,1,wide
528,67abc3ab,6_easy_pruned,2.0,0.5833333333333334,1.5897435897435896,1,wide
529,67abf219,6_easy_pruned,1.0,0.0,0.1111111111111111,0,narrow
530,67abf219,6_easy_pruned,2.0,1.0,0.1111111111111111,0,narrow
531,67b1a7f0,6_easy_full,1.0,0.0,0.1,1,narrow
532,67e6ce01,10_hard_full,1.0,1.0,0.4235294117647059,0,medium
533,67e6ce01,10_hard_full,2.0,0.5909090909090909,0.4235294117647059,0,medium
534,67eac875,6_hard_full,1.0,0.7272727272727273,0.21621621621621623,0,medium
535,67eac875,6_hard_full,2.0,0.7058823529411765,0.21621621621621623,0,medium
536,67f4ea8a,6_hard_pruned,1.0,0.2,0.18181818181818182,0,medium
537,67f4ea8a,6_hard_pruned,2.0,0.75,0.18181818181818182,0,medium
538,67f64a50,6_hard_pruned,1.0,0.0,0.03571428571428571,0,narrow
539,67f64a50,6_hard_pruned,2.0,0.8333333333333334,0.03571428571428571,0,narrow
540,67f69d24,10_easy_full,1.0,0.0,0.25,0,medium
541,67f69d24,10_easy_full,2.0,1.0,0.25,0,medium
542,67f6aca8,10_easy_pruned,1.0,0.0,0.0,0,narrow
543,67f6aca8,10_easy_pruned,2.0,1.0,0.0,0,narrow
544,68a1b7d8,10_hard_full,1.0,1.0,0.6785714285714286,0,wide
545,68a1b7d8,10_hard_full,2.0,0.8333333333333334,0.6785714285714286,0,wide
546,68c659b8,6_hard_pruned,1.0,0.14285714285714285,0.30612244897959184,1,medium
547,68c659b8,6_hard_pruned,2.0,0.8461538461538461,0.30612244897959184,1,medium
548,68d5803f,6_easy_pruned,1.0,0.0,0.0,0,narrow
549,68d5e249,6_hard_full,1.0,0.0,0.3157894736842105,0,medium
550,68d5e249,6_hard_full,2.0,0.5,0.3157894736842105,0,medium
551,68e158de,6_easy_full,1.0,0.0,0.47619047619047616,0,medium
552,68e158de,6_easy_full,2.0,1.0,0.47619047619047616,0,medium
553,68e1bb60,10_easy_pruned,1.0,0.0,0.75,0,wide
554,68e1bb60,10_easy_pruned,2.0,1.0,0.75,0,wide
555,69a2a02d,10_medium_pruned,1.0,0.0,0.0,0,narrow
556,69bad0fe,6_hard_full,1.0,0.0,0.7741935483870968,0,wide
557,69bad0fe,6_hard_full,2.0,0.29411764705882354,0.7741935483870968,0,wide
558,69f239f6,6_easy_pruned,1.0,0.6666666666666666,2.2,0,wide
559,69f239f6,6_easy_pruned,2.0,0.6,2.2,0,wide
560,6ac7311a,10_easy_full,2.0,0.7777777777777778,0.9642857142857143,0,wide
561,6ad1c45d,10_easy_full,1.0,0.0,0.6666666666666666,0,wide
562,6ad1c45d,10_easy_full,2.0,1.0,0.6666666666666666,0,wide
563,6af6ce2f,10_medium_pruned,1.0,0.3333333333333333,0.7142857142857143,0,wide
564,6af6ce2f,10_medium_pruned,2.0,0.6666666666666666,0.7142857142857143,0,wide
565,6bb10472,6_hard_pruned,1.0,0.0,0.0,1,narrow
566,6bb4e746,6_hard_pruned,1.0,0.5,0.7142857142857143,0,wide
567,6bb4e746,6_hard_pruned,2.0,0.5,0.7142857142857143,0,wide
568,6bca8117,6_easy_full,1.0,0.3333333333333333,1.2777777777777777,0,wide
569,6bca8117,6_easy_full,2.0,1.0,1.2777777777777777,0,wide
570,6bf51f66,6_hard_full,1.0,0.0,0.1111111111111111,0,narrow
571,6bf51f66,6_hard_full,2.0,0.6,0.1111111111111111,0,narrow
572,6cbbcdf7,6_easy_pruned,1.0,0.0,0.21052631578947367,0,medium
573,6cbbcdf7,6_easy_pruned,2.0,1.0,0.21052631578947367,0,medium
574,6cc4f8b6,10_easy_full,1.0,0.3333333333333333,0.7878787878787878,0,wide
575,6cc4f8b6,10_easy_full,2.0,0.8461538461538461,0.7878787878787878,0,wide
576,6cd50fc7,10_easy_full,1.0,0.0,0.6451612903225806,1,wide
577,6cd50fc7,10_easy_full,2.0,0.9,0.6451612903225806,1,wide
578,6db76212,10_medium_pruned,1.0,0.0,0.2,1,medium
579,6dd103e2,6_hard_pruned,1.0,0.5,0.28,0,medium
580,6dd103e2,6_hard_pruned,2.0,1.0,0.28,0,medium
581,6dd588e6,10_medium_full,1.0,0.6666666666666666,0.2857142857142857,0,medium
582,6de4e267,6_hard_pruned,1.0,0.6666666666666666,0.3157894736842105,0,medium
583,6de4e267,6_hard_pruned,2.0,0.8,0.3157894736842105,0,medium
584,6df29cec,10_easy_pruned,1.0,0.0,0.7142857142857143,1,wide
585,6df29cec,10_easy_pruned,2.0,0.25,0.7142857142857143,1,wide
586,6dfbeafe,10_easy_full,2.0,1.0,0.5,0,medium
587,6ee61190,6_hard_full,1.0,0.3333333333333333,0.7857142857142857,0,wide
588,6ee61190,6_hard_full,2.0,0.6153846153846154,0.7857142857142857,0,wide
589,6fc70a09,6_easy_pruned,1.0,0.0,0.0,1,narrow
590,6fc70a09,6_easy_pruned,2.0,1.0,0.0,1,narrow
591,6fcee175,10_easy_pruned,1.0,0.0,0.0,1,narrow
592,70bffd4d,10_easy_full,2.0,0.23076923076923078,1.543859649122807,0,wide
593,70da8cfb,6_hard_full,1.0,0.0,0.125,1,narrow
594,70da8cfb,6_hard_full,2.0,0.5555555555555556,0.125,1,narrow
595,71a6e4eb,10_medium_pruned,1.0,0.0,0.5,0,medium
596,71a6e4eb,10_medium_pruned,2.0,1.0,0.5,0,medium
597,71beed42,6_easy_pruned,1.0,0.3333333333333333,0.25,1,medium
598,71beed42,6_easy_pruned,2.0,1.0,0.25,1,medium
599,71c6b3a3,10_hard_pruned,1.0,0.0,0.13636363636363635,1,narrow
600,71c6b3a3,10_hard_pruned,2.0,1.0,0.13636363636363635,1,narrow
601,71ebc315,10_medium_pruned,1.0,0.0,0.14285714285714285,0,narrow
602,72c1b0e6,10_hard_full,1.0,0.4,1.0344827586206897,1,wide
603,72c1b0e6,10_hard_full,2.0,0.5263157894736842,1.0344827586206897,1,wide
604,72caeffe,10_easy_full,1.0,0.5,0.9661016949152542,0,wide
605,72caeffe,10_easy_full,2.0,1.0,0.9661016949152542,0,wide
606,72d587f7,10_hard_full,1.0,0.0,0.0,0,narrow
607,72d587f7,10_hard_full,2.0,1.0,0.0,0,narrow
608,72e6961c,10_medium_full,1.0,0.0,0.25,1,medium
609,72f4c145,6_hard_full,1.0,0.5,0.4,0,medium
610,72f4c145,6_hard_full,2.0,0.6666666666666666,0.4,0,medium
611,72f6b345,10_hard_pruned,2.0,1.0,0.3333333333333333,0,medium
612,74b60b9f,6_hard_full,1.0,1.0,1.0,0,wide
613,74b60b9f,6_hard_full,2.0,1.0,1.0,0,wide
614,74d43e43,10_hard_pruned,1.0,0.0,0.0,1,narrow
615,75bbec9c,10_easy_full,2.0,1.0,0.2727272727272727,0,medium
616,75d58ff2,6_easy_full,1.0,0.0,0.0,1,narrow
617,75ffd9e8,10_hard_full,1.0,0.0,0.3157894736842105,0,medium
618,75ffd9e8,10_hard_full,2.0,1.0,0.3157894736842105,0,medium
619,76a57536,6_easy_full,2.0,1.0,0.0,0,narrow
620,76abf978,10_medium_full,1.0,0.6666666666666666,0.34375,0,medium
621,76abf978,10_medium_full,2.0,1.0,0.34375,0,medium
622,76bfdf0b,10_easy_pruned,2.0,0.8125,0.16666666666666666,0,narrow
623,76e60f84,6_hard_full,1.0,1.0,0.07142857142857142,0,narrow
624,76e60f84,6_hard_full,2.0,0.3333333333333333,0.07142857142857142,0,narrow
625,76f6a1e9,10_medium_pruned,1.0,0.0,0.047619047619047616,1,narrow
626,76f6a1e9,10_medium_pruned,2.0,1.0,0.047619047619047616,1,narrow
627,77ba7edc,10_hard_pruned,1.0,0.5,1.0,0,wide
628,77ba7edc,10_hard_pruned,2.0,1.0,1.0,0,wide
629,77c580bf,6_easy_full,1.0,0.0,0.75,0,wide
630,77c580bf,6_easy_full,2.0,1.0,0.75,0,wide
631,77d58870,10_medium_pruned,1.0,0.6,0.52,1,wide
632,77d58870,10_medium_pruned,2.0,1.0,0.52,1,wide
633,78f29cf9,10_hard_pruned,1.0,0.25,0.575,1,wide
634,78f29cf9,10_hard_pruned,2.0,0.8181818181818182,0.575,1,wide
635,78f60c95,6_hard_full,1.0,0.0,0.0,0,narrow
636,79c1b235,10_easy_pruned,1.0,0.0,0.5,0,medium
637,79c1b235,10_easy_pruned,2.0,1.0,0.5,0,medium
638,7ab580f1,10_medium_full,1.0,0.0,0.21428571428571427,0,medium
639,7acbc3e2,6_easy_pruned,1.0,0.5,0.2,1,medium
640,7acbc3e2,6_easy_pruned,2.0,1.0,0.2,1,medium
641,7af24207,6_easy_full,1.0,0.6666666666666666,1.2333333333333334,0,wide
642,7af24207,6_easy_full,2.0,0.6052631578947368,1.2333333333333334,0,wide
643,7bd154b6,10_medium_pruned,1.0,0.3333333333333333,0.2857142857142857,0,medium
644,7bd154b6,10_medium_pruned,2.0,1.0,0.2857142857142857,0,medium
645,7bf4bf38,6_hard_full,1.0,0.25,1.0,0,wide
646,7bf4bf38,6_hard_full,2.0,0.5,1.0,0,wide
647,7ca15050,10_easy_full,2.0,1.0,0.6,0,wide
648,7cc119e0,6_easy_pruned,1.0,0.2,0.06666666666666667,1,narrow
649,7cc119e0,6_easy_pruned,2.0,1.0,0.06666666666666667,1,narrow
650,7cc2e9d2,6_easy_full,1.0,0.0,0.0,1,narrow
651,7cd6b177,10_hard_pruned,1.0,0.0,0.23076923076923078,1,medium
652,7ce58b1e,10_medium_pruned,1.0,0.375,0.6,0,wide
653,7ce58b1e,10_medium_pruned,2.0,0.9375,0.6,0,wide
654,7cf6845b,10_hard_full,1.0,0.6666666666666666,0.2692307692307692,0,medium
655,7cf6845b,10_hard_full,2.0,0.6363636363636364,0.2692307692307692,0,medium
656,7da4f147,6_hard_pruned,2.0,1.0,0.5,0,medium
657,7db4f1d2,6_easy_pruned,1.0,0.0,0.0,1,narrow
658,7db4f1d2,6_easy_pruned,2.0,1.0,0.0,1,narrow
659,7dd704e0,6_hard_pruned,1.0,0.09090909090909091,0.34285714285714286,1,medium
660,7dd704e0,6_hard_pruned,2.0,0.5,0.34285714285714286,1,medium
661,7dea8d37,10_hard_pruned,1.0,0.5,0.4520547945205479,0,medium
662,7dea8d37,10_hard_pruned,2.0,0.7857142857142857,0.4520547945205479,0,medium
663,7df4e828,6_hard_pruned,1.0,0.5625,0.5531914893617021,0,wide
664,7df4e828,6_hard_pruned,2.0,0.8181818181818182,0.5531914893617021,0,wide
665,7ee5a934,10_medium_pruned,1.0,0.0,0.0,1,narrow
666,7ef11f8d,10_hard_pruned,1.0,0.6666666666666666,0.7916666666666666,0,wide
667,7ef11f8d,10_hard_pruned,2.0,0.8888888888888888,0.7916666666666666,0,wide
668,80a2f7f4,6_easy_pruned,1.0,0.0,0.2,0,medium
669,80a2f7f4,6_easy_pruned,2.0,1.0,0.2,0,medium
670,80e591d4,10_hard_pruned,1.0,0.0,0.3333333333333333,1,medium
671,80e591d4,10_hard_pruned,2.0,1.0,0.3333333333333333,1,medium
672,80f4e933,6_hard_pruned,1.0,0.0,0.0,0,narrow
673,81a10227,10_medium_full,1.0,0.0,0.08695652173913043,0,narrow
674,81a10227,10_medium_full,2.0,1.0,0.08695652173913043,0,narrow
675,81a6c621,10_medium_full,1.0,0.0,1.5,0,wide
676,81a6c621,10_medium_full,2.0,1.0,1.5,0,wide
677,81c11c9f,6_hard_pruned,1.0,0.3333333333333333,0.15384615384615385,1,narrow
678,82a4e284,6_hard_pruned,1.0,0.2857142857142857,0.12903225806451613,0,narrow
679,82a4e284,6_hard_pruned,2.0,0.6875,0.12903225806451613,0,narrow
680,82e14880,10_medium_full,1.0,1.0,0.9473684210526315,0,wide
681,82e14880,10_medium_full,2.0,1.0,0.9473684210526315,0,wide
682,83a2ebd3,6_easy_full,2.0,0.5555555555555556,1.0666666666666667,0,wide
683,83aeef63,10_easy_pruned,1.0,0.0,0.29411764705882354,1,medium
684,83aeef63,10_easy_pruned,2.0,1.0,0.29411764705882354,1,medium
685,83b2c2e2,10_easy_pruned,1.0,0.0,0.2,1,medium
686,83b2c2e2,10_easy_pruned,2.0,1.0,0.2,1,medium
687,83b6b30c,10_easy_pruned,1.0,0.6,0.41379310344827586,0,medium
688,83b6b30c,10_easy_pruned,2.0,0.9166666666666666,0.41379310344827586,0,medium
689,83c64bf9,6_hard_pruned,1.0,0.0,0.0,0,narrow
690,83c64bf9,6_hard_pruned,2.0,1.0,0.0,0,narrow
691,83e29fb7,10_easy_pruned,1.0,0.0,0.0,1,narrow
692,84a4bf3c,6_hard_full,1.0,0.5,0.0,0,narrow
693,84a6ce10,10_medium_full,1.0,0.5,0.375,0,medium
694,84dbf4f9,10_hard_full,1.0,0.0,0.25,1,medium
695,84dbf4f9,10_hard_full,2.0,1.0,0.25,1,medium
696,84f4e263,6_hard_pruned,1.0,0.25,0.375,0,medium
697,84f4e263,6_hard_pruned,2.0,1.0,0.375,0,medium
698,85b4e5c4,6_hard_pruned,1.0,0.5,0.36363636363636365,1,medium
699,85b4e5c4,6_hard_pruned,2.0,1.0,0.36363636363636365,1,medium
700,85e50169,10_medium_full,1.0,0.25,0.05263157894736842,0,narrow
701,86a5c03e,10_hard_full,2.0,1.0,1.0,0,wide
702,86b58ffd,10_hard_pruned,1.0,0.0,0.0,1,narrow
703,86f29ab1,10_hard_full,1.0,0.0,0.0,1,narrow
704,86f6e2cb,6_easy_full,1.0,0.5,0.47058823529411764,0,medium
705,86f6e2cb,6_easy_full,2.0,0.6666666666666666,0.47058823529411764,0,medium
706,87a6b32b,10_easy_pruned,1.0,0.0,0.0,1,narrow
707,87b50908,6_hard_full,1.0,0.0,0.22727272727272727,0,medium
708,87b50908,6_hard_full,2.0,0.375,0.22727272727272727,0,medium
709,87f4bf56,6_hard_full,1.0,0.3333333333333333,0.5,0,medium
710,87f4bf56,6_hard_full,2.0,0.75,0.5,0,medium
711,87f610ee,6_hard_full,1.0,0.0,0.16666666666666666,0,narrow
712,87f610ee,6_hard_full,2.0,1.0,0.16666666666666666,0,narrow
713,89cbc391,10_easy_full,1.0,0.5,1.1349206349206349,0,wide
714,89cbc391,10_easy_full,2.0,0.6111111111111112,1.1349206349206349,0,wide
715,89cbfdf9,10_easy_pruned,1.0,0.0,0.5,1,medium
716,89cbfdf9,10_easy_pruned,2.0,1.0,0.5,1,medium
717,89d60ba4,6_hard_full,1.0,0.3333333333333333,0.1956521739130435,0,medium
718,89d60ba4,6_hard_full,2.0,0.6363636363636364,0.1956521739130435,0,medium
719,8aa45fa2,6_easy_pruned,1.0,0.0,0.6666666666666666,0,wide
720,8aa6d830,10_hard_pruned,1.0,0.2222222222222222,0.1346153846153846,1,narrow
721,8aa6d830,10_hard_pruned,2.0,0.7142857142857143,0.1346153846153846,1,narrow
722,8ab71c6b,6_easy_pruned,1.0,0.0,0.0,1,narrow
723,8ac4c37c,6_hard_full,2.0,0.3333333333333333,0.1111111111111111,0,narrow
724,8af4330d,10_hard_full,1.0,0.0,0.7142857142857143,0,wide
725,8af4330d,10_hard_full,2.0,0.5,0.7142857142857143,0,wide
726,8bb14a06,10_medium_pruned,1.0,0.5,1.25,0,wide
727,8bc22e79,10_easy_full,1.0,0.0,0.5952380952380952,1,wide
728,8bc22e79,10_easy_full,2.0,1.0,0.5952380952380952,1,wide
729,8bc69c49,10_hard_full,1.0,0.0,0.65,0,wide
730,8bc69c49,10_hard_full,2.0,0.5555555555555556,0.65,0,wide
731,8bd700c4,10_medium_pruned,1.0,0.5,0.16666666666666666,0,narrow
732,8bd700c4,10_medium_pruned,2.0,0.75,0.16666666666666666,0,narrow
733,8ca28d2c,10_hard_full,1.0,0.0,0.125,1,narrow
734,8cc432fc,10_medium_full,1.0,0.0,0.5714285714285714,0,wide
735,8cc432fc,10_medium_full,2.0,1.0,0.5714285714285714,0,wide
736,8cc55abe,6_easy_full,1.0,0.0,1.1666666666666667,0,wide
737,8cc55abe,6_easy_full,2.0,1.0,1.1666666666666667,0,wide
738,8cd2e9f3,6_easy_full,1.0,0.5,0.3333333333333333,0,medium
739,8cd2e9f3,6_easy_full,2.0,0.7142857142857143,0.3333333333333333,0,medium
740,8de6a2af,10_easy_full,1.0,0.0,0.0,1,narrow
741,8defd34b,10_easy_pruned,1.0,0.0,1.21875,0,wide
742,8defd34b,10_easy_pruned,2.0,0.45454545454545453,1.21875,0,wide
743,8df4f6e8,6_easy_full,1.0,0.0,0.12,1,narrow
744,8df4f6e8,6_easy_full,2.0,0.5,0.12,1,narrow
745,8ea4bf56,6_hard_full,1.0,0.0,0.5,0,medium
746,8ea4bf56,6_hard_full,2.0,0.0,0.5,0,medium
747,8ea50714,10_hard_pruned,1.0,0.6,0.825,0,wide
748,8ea50714,10_hard_pruned,2.0,0.5,0.825,0,wide
749,8eb1ba3b,10_easy_pruned,1.0,0.5,0.7333333333333333,0,wide
750,8eb1ba3b,10_easy_pruned,2.0,1.0,0.7333333333333333,0,wide
751,8ec146c8,10_easy_pruned,1.0,0.0,0.14285714285714285,1,narrow
752,8fa6d75f,10_medium_full,1.0,0.5,0.35294117647058826,0,medium
753,8fc76287,6_hard_full,1.0,0.5,0.30612244897959184,1,medium
754,8fc76287,6_hard_full,2.0,0.2857142857142857,0.30612244897959184,1,medium
755,8fcbec83,6_hard_full,1.0,1.0,0.9259259259259259,0,wide
756,8fcbec83,6_hard_full,2.0,0.5,0.9259259259259259,0,wide
757,8ff6ab84,10_easy_pruned,1.0,0.0,0.0,0,narrow
758,8ff6ab84,10_easy_pruned,2.0,1.0,0.0,0,narrow
759,90c60de8,6_hard_full,1.0,0.75,1.2903225806451613,0,wide
760,90c60de8,6_hard_full,2.0,0.25,1.2903225806451613,0,wide
761,90e4327c,10_hard_full,1.0,0.0,0.0,0,narrow
762,90e4327c,10_hard_full,2.0,0.5,0.0,0,narrow
763,91a61ead,6_hard_full,1.0,0.0,0.25,0,medium
764,91a61ead,6_hard_full,2.0,1.0,0.25,0,medium
765,91cfd7fb,6_hard_full,1.0,0.0,0.47368421052631576,1,medium
766,91cfd7fb,6_hard_full,2.0,0.0,0.47368421052631576,1,medium
767,91f586cc,6_easy_full,1.0,0.5,0.5757575757575758,0,wide
768,91f586cc,6_easy_full,2.0,0.7,0.5757575757575758,0,wide
769,92a70054,10_easy_full,2.0,0.5384615384615384,0.6666666666666666,0,wide
770,92a74a76,6_hard_pruned,1.0,0.3333333333333333,0.13793103448275862,0,narrow
771,92a74a76,6_hard_pruned,2.0,1.0,0.13793103448275862,0,narrow
772,92b722f3,6_hard_full,1.0,0.5,0.4074074074074074,0,medium
773,92b722f3,6_hard_full,2.0,0.6666666666666666,0.4074074074074074,0,medium
774,92d4349b,10_easy_full,1.0,0.6666666666666666,1.0,0,wide
775,92d4349b,10_easy_full,2.0,1.0,1.0,0,wide
776,92e6f512,10_hard_full,1.0,0.0,0.0,1,narrow
777,92f58f05,10_medium_full,2.0,1.0,0.2222222222222222,0,medium
778,92f69945,10_easy_pruned,1.0,0.3333333333333333,0.3333333333333333,1,medium
779,92f69945,10_easy_pruned,2.0,1.0,0.3333333333333333,1,medium
780,93a45177,10_medium_pruned,1.0,0.2857142857142857,0.25,1,medium
781,93a45177,10_medium_pruned,2.0,1.0,0.25,1,medium
782,93c55a1b,6_easy_pruned,1.0,0.0,1.5333333333333334,1,wide
783,93c55a1b,6_easy_pruned,2.0,0.5,1.5333333333333334,1,wide
784,93c6d00d,10_medium_full,1.0,0.5833333333333334,0.09090909090909091,0,narrow
785,93c70cc1,10_medium_full,1.0,0.2,0.1875,1,medium
786,93c70cc1,10_medium_full,2.0,1.0,0.1875,1,medium
787,93ebead7,10_medium_pruned,1.0,0.0,0.8529411764705882,1,wide
788,93ebead7,10_medium_pruned,2.0,1.0,0.8529411764705882,1,wide
789,94a1a7e0,10_hard_pruned,1.0,0.0,0.0,1,narrow
790,94a4f5d4,10_medium_pruned,1.0,0.0,0.2857142857142857,1,medium
791,94a4f5d4,10_medium_pruned,2.0,0.0,0.2857142857142857,1,medium
792,94abbfb2,6_easy_pruned,1.0,0.0,0.0,1,narrow
793,94d6ef33,6_hard_full,1.0,0.6666666666666666,0.3235294117647059,0,medium
794,94d6ef33,6_hard_full,2.0,0.4,0.3235294117647059,0,medium
795,94e4c554,6_hard_full,1.0,0.3333333333333333,0.4482758620689655,1,medium
796,94e4c554,6_hard_full,2.0,0.6363636363636364,0.4482758620689655,1,medium
797,94f5a0a9,10_medium_full,1.0,0.0,0.16666666666666666,0,narrow
798,95e69707,10_medium_pruned,1.0,0.0,0.0,1,narrow
799,96abd246,10_medium_full,1.0,0.0,0.0,0,narrow
800,96afd320,6_easy_pruned,1.0,0.0,0.6666666666666666,1,wide
801,96afd320,6_easy_pruned,2.0,0.3333333333333333,0.6666666666666666,1,wide
802,97aefe1f,10_medium_pruned,1.0,0.5,0.3333333333333333,1,medium
803,97d44ac8,10_easy_full,1.0,0.25,1.1764705882352942,1,wide
804,97d44ac8,10_easy_full,2.0,0.0,1.1764705882352942,1,wide
805,98c10b8a,10_hard_pruned,1.0,0.3333333333333333,1.0,0,wide
806,98c10b8a,10_hard_pruned,2.0,1.0,1.0,0,wide
807,98c4bf54,6_hard_full,1.0,0.0,0.14285714285714285,0,narrow
808,98c4bf54,6_hard_full,2.0,0.75,0.14285714285714285,0,narrow
809,98c56b80,6_easy_full,1.0,0.6666666666666666,1.8,0,wide
810,98c56b80,6_easy_full,2.0,0.0,1.8,0,wide
811,98d105c1,10_hard_full,1.0,0.0,0.09090909090909091,1,narrow
812,98d105c1,10_hard_full,2.0,0.0,0.09090909090909091,1,narrow
813,98e146a8,10_hard_full,1.0,0.9090909090909091,1.2,0,wide
814,98e146a8,10_hard_full,2.0,0.6,1.2,0,wide
815,98e1bc02,10_medium_pruned,1.0,0.0,0.5555555555555556,0,wide
816,98e1bc02,10_medium_pruned,2.0,0.6666666666666666,0.5555555555555556,0,wide
817,98ef1a30,10_medium_full,1.0,0.3333333333333333,1.1666666666666667,0,wide
818,98ef1a30,10_medium_full,2.0,0.0,1.1666666666666667,0,wide
819,99a55a43,6_easy_full,2.0,1.0,0.0,0,narrow
820,99b44e42,10_easy_pruned,1.0,0.0,1.631578947368421,0,wide
821,99b44e42,10_easy_pruned,2.0,0.0,1.631578947368421,0,wide
822,99b587e6,10_hard_pruned,1.0,0.0,0.0,1,narrow
823,99b587e6,10_hard_pruned,2.0,1.0,0.0,1,narrow
824,99d55a2e,6_easy_full,1.0,0.0,0.0,1,narrow
825,99f6aaf6,10_easy_pruned,1.0,1.0,0.24,0,medium
826,99f6aaf6,10_easy_pruned,2.0,1.0,0.24,0,medium
827,9aa6cdee,10_medium_full,1.0,0.5,0.125,0,narrow
828,9ad23291,6_easy_full,1.0,0.0,0.0,1,narrow
829,9adbc2df,6_hard_full,1.0,0.0,0.8,0,wide
830,9adbc2df,6_hard_full,2.0,0.2,0.8,0,wide
831,9ae6cdf8,10_hard_full,1.0,0.6,0.5272727272727272,0,wide
832,9ae6cdf8,10_hard_full,2.0,0.7333333333333333,0.5272727272727272,0,wide
833,9ae751bc,10_easy_full,1.0,0.0,0.48148148148148145,1,medium
834,9af4b085,10_easy_pruned,1.0,0.0,0.0,1,narrow
835,9ba1165f,10_medium_pruned,1.0,0.3333333333333333,0.16666666666666666,0,narrow
836,9be4eb1b,6_hard_pruned,1.0,0.0,0.42857142857142855,0,medium
837,9be4eb1b,6_hard_pruned,2.0,1.0,0.42857142857142855,0,medium
838,9be580e5,10_hard_pruned,1.0,0.0,0.5,1,medium
839,9be580e5,10_hard_pruned,2.0,1.0,0.5,1,medium
840,9befd8ad,10_hard_full,1.0,0.3333333333333333,0.8333333333333334,0,wide
841,9befd8ad,10_hard_full,2.0,0.3333333333333333,0.8333333333333334,0,wide
842,9cf22841,6_easy_pruned,1.0,0.0,0.5,1,medium
843,9cf22841,6_easy_pruned,2.0,1.0,0.5,1,medium
844,9da51cdd,10_medium_pruned,1.0,0.1,0.125,1,narrow
845,9da51cdd,10_medium_pruned,2.0,1.0,0.125,1,narrow
846,9da55acf,6_easy_full,1.0,0.8333333333333334,0.07462686567164178,1,narrow
847,9da55acf,6_easy_full,2.0,1.0,0.07462686567164178,1,narrow
848,9db10b00,6_easy_pruned,1.0,0.0,0.0,1,narrow
849,9dc50a3d,6_hard_full,1.0,0.42857142857142855,0.8113207547169812,0,wide
850,9dc50a3d,6_hard_full,2.0,0.6956521739130435,0.8113207547169812,0,wide
851,9dd11e8e,10_medium_pruned,1.0,0.0,0.28125,0,medium
852,9dd11e8e,10_medium_pruned,2.0,1.0,0.28125,0,medium
853,9dd66bae,6_hard_pruned,1.0,1.0,0.09090909090909091,0,narrow
854,9dd66bae,6_hard_pruned,2.0,0.8,0.09090909090909091,0,narrow
855,9de17b3b,10_medium_full,1.0,0.5,0.205607476635514,0,medium
856,9de17b3b,10_medium_full,2.0,1.0,0.205607476635514,0,medium
857,9defd82d,6_easy_full,1.0,1.0,0.9090909090909091,0,wide
858,9defd82d,6_easy_full,2.0,0.16666666666666666,0.9090909090909091,0,wide
859,9df449da,10_hard_pruned,1.0,0.0,1.0588235294117647,0,wide
860,9df449da,10_hard_pruned,2.0,0.8333333333333334,1.0588235294117647,0,wide
861,9df60bf8,6_hard_full,1.0,0.0,0.0,0,narrow
862,9df60bf8,6_hard_full,2.0,1.0,0.0,0,narrow
863,9ea4fe94,10_medium_full,1.0,0.0,0.1,0,narrow
864,9ed6aa41,10_hard_pruned,1.0,0.0,0.0,0,narrow
865,9ef6ace9,10_easy_pruned,1.0,0.75,2.09375,0,wide
866,9ef6ace9,10_easy_pruned,2.0,0.6666666666666666,2.09375,0,wide
867,9fa593df,10_easy_pruned,1.0,0.5,2.3333333333333335,0,wide
868,9fa593df,10_easy_pruned,2.0,0.6666666666666666,2.3333333333333335,0,wide
869,9fe6c937,10_easy_pruned,1.0,0.0,1.1333333333333333,1,wide
870,9fe6c937,10_easy_pruned,2.0,0.7142857142857143,1.1333333333333333,1,wide
871,a0a14678,10_hard_pruned,1.0,0.2727272727272727,0.13636363636363635,0,narrow
872,a0a14678,10_hard_pruned,2.0,0.0,0.13636363636363635,0,narrow
873,a0a4f4ea,10_medium_full,1.0,0.3333333333333333,1.1818181818181819,0,wide
874,a0a4f4ea,10_medium_full,2.0,0.5,1.1818181818181819,0,wide
875,a0d659c9,6_hard_pruned,1.0,0.5,0.30434782608695654,0,medium
876,a0d659c9,6_hard_pruned,2.0,0.25,0.30434782608695654,0,medium
877,a0d6aab7,10_hard_pruned,1.0,0.5,0.6363636363636364,0,wide
878,a0d6aab7,10_hard_pruned,2.0,1.0,0.6363636363636364,0,wide
879,a0f4f1bf,6_hard_pruned,1.0,0.7,0.5588235294117647,0,wide
880,a0f4f1bf,6_hard_pruned,2.0,0.8,0.5588235294117647,0,wide
881,a1b6b72c,10_hard_pruned,1.0,0.0,2.0,1,wide
882,a2c12212,10_easy_pruned,1.0,0.0,1.0,0,wide
883,a2d1c30b,10_easy_full,1.0,0.0,0.75,0,wide
884,a2d1c30b,10_easy_full,2.0,1.0,0.75,0,wide
885,a2d68973,10_easy_full,1.0,0.6666666666666666,1.4,0,wide
886,a2d68973,10_easy_full,2.0,1.0,1.4,0,wide
887,a2e1a84e,10_medium_pruned,1.0,0.0,0.09090909090909091,1,narrow
888,a2e1a84e,10_medium_pruned,2.0,1.0,0.09090909090909091,1,narrow
889,a2ebe618,6_hard_pruned,1.0,0.0,0.0,0,narrow
890,a2ebe618,6_hard_pruned,2.0,0.5,0.0,0,narrow
891,a2f6ba1d,6_hard_full,1.0,0.0,0.5,0,medium
892,a3a2ec55,10_easy_full,1.0,0.0,0.7333333333333333,1,wide
893,a3a2ec55,10_easy_full,2.0,1.0,0.7333333333333333,1,wide
894,a3b4e28e,6_hard_pruned,1.0,0.0,0.25,0,medium
895,a3b4e28e,6_hard_pruned,2.0,0.5,0.25,0,medium
896,a3d4c3b2,6_hard_full,1.0,0.3333333333333333,0.3333333333333333,1,medium
897,a3d4c3b2,6_hard_full,2.0,0.7142857142857143,0.3333333333333333,1,medium
898,a3d5dfda,6_hard_full,1.0,0.375,0.5517241379310345,0,wide
899,a3d5dfda,6_hard_full,2.0,0.45454545454545453,0.5517241379310345,0,wide
900,a3eacaa9,10_hard_full,1.0,0.0,0.058823529411764705,0,narrow
901,a3eacaa9,10_hard_full,2.0,0.5714285714285714,0.058823529411764705,0,narrow
902,a4c60d7a,6_hard_full,1.0,0.0,0.75,0,wide
903,a4c60d7a,6_hard_full,2.0,1.0,0.75,0,wide
904,a4f74985,10_hard_full,1.0,0.6666666666666666,0.8571428571428571,0,wide
905,a4f74985,10_hard_full,2.0,0.8181818181818182,0.8571428571428571,0,wide
906,a5a65415,6_hard_pruned,1.0,0.0,1.0,0,wide
907,a5d2fa66,10_hard_pruned,1.0,0.0,0.0,1,narrow
908,a5d2fa66,10_hard_pruned,2.0,1.0,0.0,1,narrow
909,a5d43d8e,10_hard_full,1.0,0.0,0.0,0,narrow
910,a5e116c5,10_medium_full,1.0,0.0,0.42857142857142855,0,medium
911,a5e116c5,10_medium_full,2.0,0.0,0.42857142857142855,0,medium
912,a6bff327,6_easy_full,2.0,1.0,0.375,0,medium
913,a6d2eaff,10_hard_full,1.0,0.25,0.68,0,wide
914,a6d2eaff,10_hard_full,2.0,0.6666666666666666,0.68,0,wide
915,a6f610e1,6_hard_full,2.0,0.3,0.35,0,medium
916,a7b181fa,6_easy_pruned,2.0,0.0,0.75,0,wide
917,a7b511d6,10_medium_full,1.0,0.46153846153846156,0.6097560975609756,0,wide
918,a7b511d6,10_medium_full,2.0,0.6666666666666666,0.6097560975609756,0,wide
919,a7bfd4fc,10_easy_pruned,1.0,0.3333333333333333,1.1818181818181819,0,wide
920,a7bfd4fc,10_easy_pruned,2.0,1.0,1.1818181818181819,0,wide
921,a7f55a0a,6_easy_full,1.0,0.2,0.15384615384615385,1,narrow
922,a7f55a0a,6_easy_full,2.0,0.6666666666666666,0.15384615384615385,1,narrow
923,a8b44557,10_medium_full,1.0,0.5454545454545454,0.3125,0,medium
924,a8b44557,10_medium_full,2.0,1.0,0.3125,0,medium
925,a8b597cd,6_easy_full,1.0,0.0,0.0,1,narrow
926,a8d6ce37,10_hard_full,1.0,0.0,0.5,0,medium
927,a9cbcabb,10_medium_pruned,1.0,0.6666666666666666,0.2857142857142857,1,medium
928,a9d5979e,6_easy_full,1.0,0.5,0.3181818181818182,0,medium
929,a9d5979e,6_easy_full,2.0,1.0,0.3181818181818182,0,medium
930,a9e56013,6_easy_pruned,1.0,0.0,0.0,0,narrow
931,a9e56013,6_easy_pruned,2.0,0.8333333333333334,0.0,0,narrow
932,aad5a289,6_easy_pruned,1.0,0.0,0.0,1,narrow
933,aafbd6ab,6_hard_pruned,1.0,0.0,0.21428571428571427,0,medium
934,aafbd6ab,6_hard_pruned,2.0,1.0,0.21428571428571427,0,medium
935,abc728e1,10_hard_full,1.0,0.0,0.08333333333333333,1,narrow
936,abd12ee2,10_medium_pruned,1.0,0.0,0.3333333333333333,1,medium
937,abd12ee2,10_medium_pruned,2.0,1.0,0.3333333333333333,1,medium
938,abd29616,10_medium_pruned,1.0,0.3333333333333333,0.0,1,narrow
939,abdacc98,10_easy_full,1.0,0.25,1.1428571428571428,0,wide
940,abdacc98,10_easy_full,2.0,0.5714285714285714,1.1428571428571428,0,wide
941,abe2aaa5,10_medium_pruned,1.0,0.75,0.18181818181818182,0,medium
942,abe2aaa5,10_medium_pruned,2.0,1.0,0.18181818181818182,0,medium
943,abf59f0c,6_easy_full,1.0,0.0,0.6666666666666666,0,wide
944,abf59f0c,6_easy_full,2.0,1.0,0.6666666666666666,0,wide
945,aca229a6,10_easy_full,1.0,0.16666666666666666,0.3625,0,medium
946,aca229a6,10_easy_full,2.0,0.8484848484848485,0.3625,0,medium
947,acb11b17,10_easy_pruned,1.0,0.0,0.0,1,narrow
948,acc6e9d4,10_easy_full,1.0,0.6666666666666666,0.48214285714285715,1,medium
949,acc6e9d4,10_easy_full,2.0,1.0,0.48214285714285715,1,medium
950,acd61c3d,6_hard_full,2.0,0.6666666666666666,0.5,0,medium
951,acdac85f,10_hard_pruned,1.0,0.6666666666666666,0.7872340425531915,0,wide
952,acdac85f,10_hard_pruned,2.0,0.9333333333333333,0.7872340425531915,0,wide
953,aceaccbc,10_hard_full,2.0,0.125,0.5172413793103449,0,wide
954,ada4c06f,6_hard_full,1.0,0.625,0.42424242424242425,0,medium
955,ada4c06f,6_hard_full,2.0,0.5925925925925926,0.42424242424242425,0,medium
956,adc2f895,10_hard_full,1.0,0.0,0.7692307692307693,1,wide
957,adc2f895,10_hard_full,2.0,0.4,0.7692307692307693,1,wide
958,add50f98,10_hard_full,1.0,0.0,0.25,0,medium
959,add50f98,10_hard_full,2.0,0.5555555555555556,0.25,0,medium
960,adfac866,6_easy_pruned,2.0,1.0,0.0,0,narrow
961,aed647d3,6_hard_pruned,1.0,1.0,0.5714285714285714,0,wide
962,aed647d3,6_hard_pruned,2.0,1.0,0.5714285714285714,0,wide
963,aedbea55,6_easy_full,1.0,0.0,0.0,1,narrow
964,aefbe715,10_easy_full,2.0,0.9285714285714286,1.6666666666666667,0,wide
965,afe6c7c5,10_hard_pruned,1.0,0.5,0.3125,0,medium
966,afe6c7c5,10_hard_pruned,2.0,0.5,0.3125,0,medium
967,b0c6f3a8,10_medium_pruned,1.0,0.6,0.3157894736842105,0,medium
968,b0c6f3a8,10_medium_pruned,2.0,1.0,0.3157894736842105,0,medium
969,b0d5043d,10_medium_full,1.0,0.3333333333333333,0.42857142857142855,0,medium
970,b0d518a1,6_hard_full,1.0,0.5,0.3404255319148936,0,medium
971,b0d518a1,6_hard_full,2.0,0.6,0.3404255319148936,0,medium
972,b0e1157c,6_hard_pruned,1.0,0.3333333333333333,0.25,0,medium
973,b0e1157c,6_hard_pruned,2.0,0.0,0.25,0,medium
974,b0f2b4eb,10_hard_full,1.0,1.0,0.8947368421052632,0,wide
975,b0f2b4eb,10_hard_full,2.0,0.8888888888888888,0.8947368421052632,0,wide
976,b0f44295,10_easy_pruned,1.0,0.0,1.1428571428571428,0,wide
977,b0f44295,10_easy_pruned,2.0,1.0,1.1428571428571428,0,wide
978,b2b4e2c1,6_hard_pruned,1.0,0.5,0.4583333333333333,0,medium
979,b2b4e2c1,6_hard_pruned,2.0,0.88,0.4583333333333333,0,medium
980,b2d44cf9,10_medium_pruned,1.0,0.0,0.0,0,narrow
981,b2d44cf9,10_medium_pruned,2.0,1.0,0.0,0,narrow
982,b2d60bc9,6_hard_full,1.0,0.0,0.75,0,wide
983,b2d60bc9,6_hard_full,2.0,0.28125,0.75,0,wide
984,b2e29cb8,10_hard_pruned,1.0,0.42857142857142855,2.1875,0,wide
985,b2e29cb8,10_hard_pruned,2.0,1.0,2.1875,0,wide
986,b2e4e98a,6_hard_pruned,1.0,0.0,0.16666666666666666,0,narrow
987,b2e4e98a,6_hard_pruned,2.0,1.0,0.16666666666666666,0,narrow
988,b2f58fbd,10_hard_full,1.0,0.5,1.35,0,wide
989,b2f58fbd,10_hard_full,2.0,1.0,1.35,0,wide
990,b3b1b79a,10_hard_pruned,1.0,0.0,0.5,0,medium
991,b3b1b79a,10_hard_pruned,2.0,1.0,0.5,0,medium
992,b3dbd892,10_medium_full,1.0,0.5,0.0,0,narrow
993,b3e4f78d,6_easy_full,1.0,0.0,1.5,0,wide
994,b3e4f78d,6_easy_full,2.0,0.5,1.5,0,wide
995,b4a4f22a,10_easy_full,1.0,0.0,1.3518518518518519,0,wide
996,b4a4f22a,10_easy_full,2.0,0.14285714285714285,1.3518518518518519,0,wide
997,b4abeb7e,6_easy_full,1.0,0.0,0.0,1,narrow
998,b5a6dc1f,10_easy_pruned,1.0,1.0,0.7368421052631579,0,wide
999,b5a6dc1f,10_easy_pruned,2.0,1.0,0.7368421052631579,0,wide
1000,b5b1466a,6_easy_full,1.0,0.0,0.038461538461538464,0,narrow
1001,b5b1466a,6_easy_full,2.0,1.0,0.038461538461538464,0,narrow
1002,b5b6dcbc,10_hard_full,1.0,0.6666666666666666,1.5,0,wide
1003,b5b6dcbc,10_hard_full,2.0,0.75,1.5,0,wide
1004,b5c6aa47,10_easy_pruned,1.0,0.0,0.0,0,narrow
1005,b5c6aa47,10_easy_pruned,2.0,1.0,0.0,0,narrow
1006,b5eefb3b,10_easy_full,1.0,0.0,0.8333333333333334,0,wide
1007,b5eefb3b,10_easy_full,2.0,1.0,0.8333333333333334,0,wide
1008,b6b25181,10_easy_full,1.0,1.0,0.19230769230769232,0,medium
1009,b6b25181,10_easy_full,2.0,1.0,0.19230769230769232,0,medium
1010,b7a4fe27,6_hard_full,1.0,0.0,0.75,0,wide
1011,b7a4fe27,6_hard_full,2.0,1.0,0.75,0,wide
1012,b7d2ed28,6_easy_pruned,1.0,0.0,0.0,1,narrow
1013,b7d2ed28,6_easy_pruned,2.0,1.0,0.0,1,narrow
1014,b7e510d3,6_easy_pruned,1.0,0.0,0.0,1,narrow
1015,b7e6b167,10_easy_pruned,1.0,0.0,0.3023255813953488,1,medium
1016,b7e6b167,10_easy_pruned,2.0,1.0,0.3023255813953488,1,medium
1017,b7eae04f,6_easy_full,2.0,0.5,1.2352941176470589,0,wide
1018,b8a4fbaa,10_easy_full,2.0,1.0,0.25,0,medium
1019,b8bac8b7,10_hard_pruned,1.0,0.5,0.5789473684210527,0,wide
1020,b8bac8b7,10_hard_pruned,2.0,1.0,0.5789473684210527,0,wide
1021,b8e4bf48,6_hard_full,1.0,0.0,0.0,0,narrow
1022,b8e4bf48,6_hard_full,2.0,1.0,0.0,0,narrow
1023,b8f4e433,6_hard_pruned,1.0,0.5,0.0,0,narrow
1024,b8f4e433,6_hard_pruned,2.0,0.3333333333333333,0.0,0,narrow
1025,b9bbc96c,10_medium_full,1.0,0.3333333333333333,0.14285714285714285,0,narrow
1026,b9bbc96c,10_medium_full,2.0,1.0,0.14285714285714285,0,narrow
1027,b9c59db1,10_medium_full,1.0,0.6,0.696969696969697,0,wide
1028,b9c59db1,10_medium_full,2.0,1.0,0.696969696969697,0,wide
1029,b9e10f8b,10_easy_pruned,1.0,0.0,1.1764705882352942,1,wide
1030,b9e10f8b,10_easy_pruned,2.0,0.0,1.1764705882352942,1,wide
1031,b9e44d9b,10_hard_full,1.0,0.0,1.25,0,wide
1032,b9e512db,6_hard_pruned,1.0,0.0,0.4375,0,medium
1033,b9e512db,6_hard_pruned,2.0,1.0,0.4375,0,medium
1034,bac25238,10_hard_full,1.0,0.0,0.08695652173913043,1,narrow
1035,bac25238,10_hard_full,2.0,0.8333333333333334,0.08695652173913043,1,narrow
1036,bacbc468,10_hard_pruned,1.0,0.0,0.0,1,narrow
1037,bad4f1b5,6_hard_pruned,1.0,0.36363636363636365,0.2857142857142857,0,medium
1038,bad4f1b5,6_hard_pruned,2.0,0.8125,0.2857142857142857,0,medium
1039,bad589c5,6_easy_pruned,1.0,0.0,0.0,1,narrow
1040,bad589c5,6_easy_pruned,2.0,1.0,0.0,1,narrow
1041,bae297ee,10_easy_full,2.0,0.5,0.6,0,wide
1042,bae4ffc0,6_hard_pruned,1.0,0.6,0.25,0,medium
1043,bae4ffc0,6_hard_pruned,2.0,1.0,0.25,0,medium
1044,bae515f2,6_hard_full,1.0,0.0,0.2727272727272727,0,medium
1045,bae515f2,6_hard_full,2.0,0.0,0.2727272727272727,0,medium
1046,bae5726e,6_easy_full,1.0,0.8,0.3,1,medium
1047,bae5726e,6_easy_full,2.0,1.0,0.3,1,medium
1048,bbc23545,6_easy_full,1.0,0.0,0.17647058823529413,0,medium
1049,bbc23545,6_easy_full,2.0,0.75,0.17647058823529413,0,medium
1050,bbc6b8cf,10_easy_pruned,1.0,0.5,0.9574468085106383,0,wide
1051,bbc6b8cf,10_easy_pruned,2.0,1.0,0.9574468085106383,0,wide
1052,bca124ea,10_medium_full,1.0,0.0,0.0,0,narrow
1053,bcdfd2df,6_hard_full,1.0,0.0,0.30952380952380953,0,medium
1054,bcdfd2df,6_hard_full,2.0,0.631578947368421,0.30952380952380953,0,medium
1055,bcf290e5,10_medium_pruned,1.0,0.75,0.7083333333333334,0,wide
1056,bcf290e5,10_medium_pruned,2.0,1.0,0.7083333333333334,0,wide
1057,bcf51783,10_hard_pruned,1.0,0.0,0.14285714285714285,0,narrow
1058,bcf51783,10_hard_pruned,2.0,1.0,0.14285714285714285,0,narrow
1059,bda28d31,10_medium_pruned,1.0,0.6,0.8611111111111112,1,wide
1060,bda28d31,10_medium_pruned,2.0,0.8571428571428571,0.8611111111111112,1,wide
1061,bdb28da4,6_easy_full,1.0,0.4,1.4848484848484849,0,wide
1062,bdb28da4,6_easy_full,2.0,0.9,1.4848484848484849,0,wide
1063,bdd7483e,10_medium_pruned,1.0,0.0,0.0,1,narrow
1064,bdf2527a,10_medium_full,1.0,0.0,0.15384615384615385,0,narrow
1065,bdf4e34a,6_hard_pruned,1.0,0.3333333333333333,0.4406779661016949,0,medium
1066,bdf4e34a,6_hard_pruned,2.0,1.0,0.4406779661016949,0,medium
1067,bea55a9c,6_easy_pruned,1.0,0.0,0.375,0,medium
1068,bea55a9c,6_easy_pruned,2.0,0.8571428571428571,0.375,0,medium
1069,bea5941a,6_easy_full,1.0,0.0,0.0,1,narrow
1070,bea5941a,6_easy_full,2.0,1.0,0.0,1,narrow
1071,bed50a1d,6_hard_full,1.0,0.25,0.05,1,narrow
1072,bed50a1d,6_hard_full,2.0,0.0,0.05,1,narrow
1073,bfa60c8b,6_hard_full,1.0,0.3333333333333333,0.0,1,narrow
1074,bfa60c8b,6_hard_full,2.0,0.6666666666666666,0.0,1,narrow
1075,bfa6b911,10_easy_pruned,1.0,0.75,0.5079365079365079,1,wide
1076,bfa6b911,10_easy_pruned,2.0,1.0,0.5079365079365079,1,wide
1077,bfabcc7d,10_medium_full,1.0,0.0,0.42857142857142855,0,medium
1078,bfe4c87d,6_hard_full,1.0,0.3333333333333333,0.5833333333333334,0,wide
1079,bfe4c87d,6_hard_full,2.0,0.5,0.5833333333333334,0,wide
1080,bff4e70e,6_hard_pruned,2.0,0.0,0.0,0,narrow
1081,c0cbeef2,6_easy_pruned,1.0,0.0,0.0,1,narrow
1082,c0dfd341,10_easy_full,1.0,0.0,0.1875,1,medium
1083,c0dfd341,10_easy_full,2.0,1.0,0.1875,1,medium
1084,c0e2ec1e,10_hard_pruned,1.0,0.0,0.0,1,narrow
1085,c0f60e45,6_hard_full,2.0,0.0,0.8333333333333334,0,wide
1086,c1b6d6a4,10_hard_full,1.0,0.0,0.0,0,narrow
1087,c1f29bae,6_easy_pruned,1.0,0.0,0.125,1,narrow
1088,c1f29bae,6_easy_pruned,2.0,1.0,0.125,1,narrow
1089,c2cbff2e,10_hard_pruned,1.0,0.0,0.0,0,narrow
1090,c3b45154,10_medium_full,1.0,0.0,0.25,0,medium
1091,c3d6d0e6,10_hard_full,1.0,0.5,1.1944444444444444,0,wide
1092,c3d6d0e6,10_hard_full,2.0,0.625,1.1944444444444444,0,wide
1093,c3dfd812,10_easy_pruned,1.0,0.2,0.37735849056603776,1,medium
1094,c3dfd812,10_easy_pruned,2.0,0.8636363636363636,0.37735849056603776,1,medium
1095,c4c6bed8,10_easy_pruned,1.0,0.0,0.6111111111111112,0,wide
1096,c4c6bed8,10_easy_pruned,2.0,1.0,0.6111111111111112,0,wide
1097,c4d6cb2d,10_hard_pruned,1.0,0.0,0.8,0,wide
1098,c4d6cb2d,10_hard_pruned,2.0,0.5,0.8,0,wide
1099,c4f2ef6f,10_easy_pruned,1.0,0.0,1.2,0,wide
1100,c4f2ef6f,10_easy_pruned,2.0,0.5,1.2,0,wide
1101,c5d58198,10_medium_full,1.0,0.0,0.2391304347826087,0,medium
1102,c5d58198,10_medium_full,2.0,0.75,0.2391304347826087,0,medium
1103,c5e22eb3,10_hard_full,1.0,0.0,0.0,1,narrow
1104,c6a15708,10_easy_pruned,1.0,0.375,0.3333333333333333,0,medium
1105,c6a15708,10_easy_pruned,2.0,0.7,0.3333333333333333,0,medium
1106,c6aad6d0,10_easy_full,1.0,0.0,0.3125,1,medium
1107,c6aad6d0,10_easy_full,2.0,1.0,0.3125,1,medium
1108,c6b4c141,6_hard_full,1.0,0.0,0.4166666666666667,0,medium
1109,c6b4c141,6_hard_full,2.0,1.0,0.4166666666666667,0,medium
1110,c6b60d63,6_hard_full,1.0,0.75,0.8333333333333334,0,wide
1111,c6b60d63,6_hard_full,2.0,0.5454545454545454,0.8333333333333334,0,wide
1112,c6c100be,10_medium_full,1.0,0.3333333333333333,0.2903225806451613,0,medium
1113,c6c100be,10_medium_full,2.0,1.0,0.2903225806451613,0,medium
1114,c7a61295,6_hard_full,1.0,0.6,0.5862068965517241,0,wide
1115,c7a61295,6_hard_full,2.0,0.25,0.5862068965517241,0,wide
1116,c7a67aab,6_hard_full,1.0,0.5714285714285714,0.15,0,narrow
1117,c7a67aab,6_hard_full,2.0,0.5789473684210527,0.15,0,narrow
1118,c7b1e912,10_medium_full,1.0,0.0,0.16666666666666666,0,narrow
1119,c7c4e29b,6_hard_pruned,1.0,0.0,0.0,0,narrow
1120,c7c4e29b,6_hard_pruned,2.0,1.0,0.0,0,narrow
1121,c7c6f18d,10_easy_pruned,1.0,0.0,0.0,1,narrow
1122,c7c6f18d,10_easy_pruned,2.0,1.0,0.0,1,narrow
1123,c7d594f8,6_easy_full,1.0,1.0,1.5,0,wide
1124,c7eefab1,10_easy_full,1.0,0.6666666666666666,1.1111111111111112,0,wide
1125,c7eefab1,10_easy_full,2.0,1.0,1.1111111111111112,0,wide
1126,c7fffe38,6_hard_pruned,1.0,0.4,0.18181818181818182,0,medium
1127,c7fffe38,6_hard_pruned,2.0,1.0,0.18181818181818182,0,medium
1128,c8a4fa50,6_hard_full,1.0,0.75,0.6428571428571429,0,wide
1129,c8a4fa50,6_hard_full,2.0,0.5333333333333333,0.6428571428571429,0,wide
1130,c8afed22,6_easy_pruned,1.0,0.5,1.0,0,wide
1131,c8afed22,6_easy_pruned,2.0,1.0,1.0,0,wide
1132,c8b32c21,10_easy_full,1.0,0.0,0.3888888888888889,1,medium
1133,c8b32c21,10_easy_full,2.0,1.0,0.3888888888888889,1,medium
1134,c8c4f85a,10_easy_full,1.0,0.0,0.4375,1,medium
1135,c8c4f85a,10_easy_full,2.0,1.0,0.4375,1,medium
1136,c8f4c13d,6_hard_full,2.0,0.3333333333333333,1.25,0,wide
1137,c9c757af,6_easy_pruned,1.0,0.0,0.0,1,narrow
1138,c9f64da2,6_hard_pruned,1.0,0.0,0.5384615384615384,0,wide
1139,c9f64da2,6_hard_pruned,2.0,0.75,0.5384615384615384,0,wide
1140,cab61023,6_hard_full,1.0,0.0,0.125,0,narrow
1141,cbc42ba3,10_medium_full,1.0,0.5,0.25,0,medium
1142,ccc4e27e,6_hard_pruned,1.0,0.0,0.0,1,narrow
1143,cccfd3ac,10_easy_full,1.0,1.0,0.5172413793103449,0,wide
1144,cccfd3ac,10_easy_full,2.0,1.0,0.5172413793103449,0,wide
1145,cce7504c,10_hard_pruned,1.0,0.7777777777777778,0.8769230769230769,0,wide
1146,cce7504c,10_hard_pruned,2.0,0.8620689655172413,0.8769230769230769,0,wide
1147,cceac8ca,6_hard_full,1.0,0.25,0.3076923076923077,0,medium
1148,cceac8ca,6_hard_full,2.0,0.75,0.3076923076923077,0,medium
1149,cda2f561,6_easy_full,1.0,0.0,0.3333333333333333,0,medium
1150,cdc50047,10_easy_pruned,1.0,0.25,0.23333333333333334,1,medium
1151,cdc50047,10_easy_pruned,2.0,1.0,0.23333333333333334,1,medium
1152,cdc514e1,10_hard_pruned,1.0,0.4,0.42857142857142855,0,medium
1153,cdc514e1,10_hard_pruned,2.0,0.8571428571428571,0.42857142857142855,0,medium
1154,cdc57c79,6_easy_pruned,1.0,0.5,0.4482758620689655,1,medium
1155,cdc57c79,6_easy_pruned,2.0,0.8421052631578947,0.4482758620689655,1,medium
1156,cdd55d42,6_easy_pruned,1.0,0.3333333333333333,0.3333333333333333,0,medium
1157,cdd55d42,6_easy_pruned,2.0,0.8,0.3333333333333333,0,medium
1158,ceafe698,10_easy_pruned,1.0,0.0,0.25,1,medium
1159,ceb154c1,10_hard_pruned,1.0,0.0,0.16666666666666666,1,narrow
1160,ceb50693,6_hard_pruned,1.0,0.0,0.8095238095238095,0,wide
1161,ceb50693,6_hard_pruned,2.0,0.875,0.8095238095238095,0,wide
1162,cec10cc8,10_easy_pruned,1.0,0.0,0.0,1,narrow
1163,cee4bfa4,6_hard_full,1.0,0.4,0.2,0,medium
1164,cee4bfa4,6_hard_full,2.0,0.8571428571428571,0.2,0,medium
1165,cee566b4,6_easy_full,1.0,0.0,0.0,1,narrow
1166,cefc077d,10_medium_pruned,1.0,0.2,0.14285714285714285,1,narrow
1167,cfc29495,10_hard_full,1.0,0.2,1.0857142857142856,0,wide
1168,cfc29495,10_hard_full,2.0,0.6666666666666666,1.0857142857142856,0,wide
1169,cfc46a6f,10_easy_pruned,1.0,0.3333333333333333,0.07692307692307693,0,narrow
1170,cfc46a6f,10_easy_pruned,2.0,1.0,0.07692307692307693,0,narrow
1171,cfc5dcb3,6_hard_full,1.0,0.5,0.4,0,medium
1172,cfc5dcb3,6_hard_full,2.0,0.8333333333333334,0.4,0,medium
1173,cfd6ff5a,6_easy_full,1.0,0.3,1.0,0,wide
1174,cfd6ff5a,6_easy_full,2.0,1.0,1.0,0,wide
1175,cff10c9a,10_easy_full,1.0,0.0,0.0,1,narrow
1176,cff10c9a,10_easy_full,2.0,1.0,0.0,1,narrow
1177,d0a58874,6_easy_full,1.0,0.25,0.5555555555555556,1,wide
1178,d0d5a665,10_easy_pruned,1.0,0.0,0.0,1,narrow
1179,d0e4332c,10_medium_full,1.0,0.6666666666666666,0.3488372093023256,0,medium
1180,d0e4332c,10_medium_full,2.0,0.8,0.3488372093023256,0,medium
1181,d0e6841e,10_easy_full,1.0,1.0,1.793103448275862,1,wide
1182,d0e6841e,10_easy_full,2.0,0.6875,1.793103448275862,1,wide
1183,d0f687f1,10_medium_pruned,1.0,0.4,0.5862068965517241,0,wide
1184,d0f687f1,10_medium_pruned,2.0,1.0,0.5862068965517241,0,wide
1185,d1a42fc7,10_hard_full,1.0,0.8333333333333334,1.7,0,wide
1186,d1a42fc7,10_hard_full,2.0,0.7142857142857143,1.7,0,wide
1187,d1bbc1e6,10_medium_pruned,1.0,0.3333333333333333,0.16666666666666666,1,narrow
1188,d1cac84b,10_hard_pruned,1.0,0.75,0.40425531914893614,0,medium
1189,d1cac84b,10_hard_pruned,2.0,1.0,0.40425531914893614,0,medium
1190,d1e15779,10_easy_pruned,1.0,0.0,0.1,1,narrow
1191,d1e15779,10_easy_pruned,2.0,1.0,0.1,1,narrow
1192,d1e4eb09,6_hard_pruned,1.0,0.0,0.1,0,narrow
1193,d2ac158a,10_hard_full,1.0,0.0,0.0,1,narrow
1194,d2ac158a,10_hard_full,2.0,1.0,0.0,1,narrow
1195,d2b6cfbb,10_medium_full,1.0,0.25,0.42857142857142855,0,medium
1196,d2b6cfbb,10_medium_full,2.0,1.0,0.42857142857142855,0,medium
1197,d2d73ea5,6_easy_pruned,2.0,1.0,0.3333333333333333,0,medium
1198,d2f65bb5,6_hard_pruned,1.0,0.16666666666666666,0.0,0,narrow
1199,d2f65bb5,6_hard_pruned,2.0,0.5,0.0,0,narrow
1200,d3b525de,6_easy_full,1.0,0.0,1.9,0,wide
1201,d3b525de,6_easy_full,2.0,0.75,1.9,0,wide
1202,d3c580d5,10_easy_full,1.0,0.0,0.38461538461538464,1,medium
1203,d3c580d5,10_easy_full,2.0,1.0,0.38461538461538464,1,medium
1204,d4a2a5ec,6_easy_full,1.0,0.3333333333333333,0.10714285714285714,1,narrow
1205,d4a2a5ec,6_easy_full,2.0,0.6666666666666666,0.10714285714285714,1,narrow
1206,d4c433e6,6_easy_full,1.0,0.0,0.0,1,narrow
1207,d4cbca4e,10_easy_full,1.0,0.0,0.4791666666666667,0,medium
1208,d4cbca4e,10_easy_full,2.0,1.0,0.4791666666666667,0,medium
1209,d4f331ad,10_medium_full,1.0,0.3333333333333333,0.2,0,medium
1210,d4fac87b,6_hard_pruned,1.0,0.0,0.0,0,narrow
1211,d4fac87b,6_hard_pruned,2.0,1.0,0.0,0,narrow
1212,d5a6aafd,10_hard_pruned,2.0,1.0,0.3333333333333333,0,medium
1213,d5aff345,10_easy_pruned,1.0,1.0,0.7192982456140351,0,wide
1214,d5aff345,10_easy_pruned,2.0,0.90625,0.7192982456140351,0,wide
1215,d5b22aaa,10_easy_full,1.0,0.6666666666666666,0.9382716049382716,0,wide
1216,d5b22aaa,10_easy_full,2.0,0.9411764705882353,0.9382716049382716,0,wide
1217,d5d6cf7e,10_medium_pruned,1.0,0.0,0.125,1,narrow
1218,d6a29462,10_easy_full,1.0,0.0,0.14285714285714285,0,narrow
1219,d6a29462,10_easy_full,2.0,1.0,0.14285714285714285,0,narrow
1220,d6a55f6a,6_easy_pruned,1.0,0.0,0.5,0,medium
1221,d6a55f6a,6_easy_pruned,2.0,1.0,0.5,0,medium
1222,d6b67ee1,6_easy_full,1.0,0.4,0.18181818181818182,1,medium
1223,d6b67ee1,6_easy_full,2.0,1.0,0.18181818181818182,1,medium
1224,d6c10e9a,10_easy_full,1.0,0.3333333333333333,0.9047619047619048,0,wide
1225,d6c10e9a,10_easy_full,2.0,1.0,0.9047619047619048,0,wide
1226,d6c6d18c,10_medium_pruned,1.0,0.0,0.0,1,narrow
1227,d6d500ab,6_easy_full,1.0,0.5,1.0,0,wide
1228,d6d500ab,6_easy_full,2.0,1.0,1.0,0,wide
1229,d8a4f092,6_hard_pruned,1.0,0.5,0.6363636363636364,0,wide
1230,d8a4f092,6_hard_pruned,2.0,0.8333333333333334,0.6363636363636364,0,wide
1231,d8aacc7a,10_medium_pruned,1.0,0.0,0.0,1,narrow
1232,d8d6bed1,10_hard_pruned,1.0,0.2,0.041666666666666664,1,narrow
1233,d8d6bed1,10_hard_pruned,2.0,0.8,0.041666666666666664,1,narrow
1234,d8e6ea40,10_medium_full,1.0,1.0,0.5862068965517241,0,wide
1235,d8f4e4d9,6_hard_pruned,1.0,0.5,0.6470588235294118,0,wide
1236,d8f4e4d9,6_hard_pruned,2.0,0.5,0.6470588235294118,0,wide
1237,d8f6387b,6_hard_full,1.0,0.5,0.4444444444444444,0,medium
1238,d8f6387b,6_hard_full,2.0,1.0,0.4444444444444444,0,medium
1239,d9a3047f,10_medium_pruned,1.0,0.0,0.0,1,narrow
1240,d9e4f7e5,10_hard_pruned,1.0,0.0,0.0,0,narrow
1241,d9e4f7e5,10_hard_pruned,2.0,0.0,0.0,0,narrow
1242,daa11f50,10_medium_pruned,1.0,0.0,0.16666666666666666,0,narrow
1243,daa11f50,10_medium_pruned,2.0,1.0,0.16666666666666666,0,narrow
1244,daa59c50,10_hard_pruned,1.0,0.0,0.0,0,narrow
1245,dabbe6bb,6_easy_full,1.0,0.0,0.32,1,medium
1246,dabbe6bb,6_easy_full,2.0,0.8571428571428571,0.32,1,medium
1247,dacfd3d4,10_easy_full,1.0,0.75,0.9538461538461539,0,wide
1248,dacfd3d4,10_easy_full,2.0,0.85,0.9538461538461539,0,wide
1249,dae59162,10_medium_full,1.0,0.0,0.15517241379310345,1,narrow
1250,dae59162,10_medium_full,2.0,0.75,0.15517241379310345,1,narrow
1251,daefd33a,6_hard_pruned,1.0,0.0,0.5,0,medium
1252,daefd33a,6_hard_pruned,2.0,1.0,0.5,0,medium
1253,daf74d3f,10_easy_full,1.0,0.0,0.125,1,narrow
1254,dba1b189,10_medium_full,1.0,0.3333333333333333,0.29347826086956524,0,medium
1255,dba1b189,10_medium_full,2.0,1.0,0.29347826086956524,0,medium
1256,dbb14c32,6_easy_pruned,1.0,0.0,0.25,0,medium
1257,dbb14c32,6_easy_pruned,2.0,1.0,0.25,0,medium
1258,dbc59105,10_hard_full,1.0,0.7058823529411765,1.0256410256410255,0,wide
1259,dbc59105,10_hard_full,2.0,0.8666666666666667,1.0256410256410255,0,wide
1260,dbc6ab5f,10_easy_pruned,1.0,0.0,0.0,1,narrow
1261,dbc6ab5f,10_easy_pruned,2.0,1.0,0.0,1,narrow
1262,dbe65101,6_hard_pruned,1.0,0.0,0.1,0,narrow
1263,dbe65101,6_hard_pruned,2.0,0.0,0.1,0,narrow
1264,dbe71b15,6_hard_full,1.0,0.0,0.09090909090909091,0,narrow
1265,dbe71b15,6_hard_full,2.0,0.6666666666666666,0.09090909090909091,0,narrow
1266,dcc4f10e,6_hard_full,1.0,0.25,0.0,0,narrow
1267,dcc4f10e,6_hard_full,2.0,0.75,0.0,0,narrow
1268,dcd55a21,6_easy_full,2.0,0.0,0.0,0,narrow
1269,dcfbe5af,6_easy_pruned,1.0,0.5,0.5,1,medium
1270,dcfbe5af,6_easy_pruned,2.0,1.0,0.5,1,medium
1271,ddb7456a,6_easy_pruned,1.0,0.0,0.0,1,narrow
1272,ddb7456a,6_easy_pruned,2.0,1.0,0.0,1,narrow
1273,dde2a9c5,10_medium_full,1.0,0.0,0.0,1,narrow
1274,ddf2ee42,6_easy_full,1.0,0.0,0.25,1,medium
1275,ddf2ee42,6_easy_full,2.0,1.0,0.25,1,medium
1276,dec24cb0,10_easy_full,1.0,0.5,0.3090909090909091,0,medium
1277,dec24cb0,10_easy_full,2.0,0.9285714285714286,0.3090909090909091,0,medium
1278,dec64994,6_hard_pruned,1.0,0.3333333333333333,0.18181818181818182,0,medium
1279,dec64994,6_hard_pruned,2.0,1.0,0.18181818181818182,0,medium
1280,ded14ffd,10_medium_pruned,1.0,0.0,0.0,1,narrow
1281,ded14ffd,10_medium_pruned,2.0,1.0,0.0,1,narrow
1282,dfa705b9,6_easy_pruned,1.0,0.2,0.14814814814814814,1,narrow
1283,dfa705b9,6_easy_pruned,2.0,1.0,0.14814814814814814,1,narrow
1284,dfb576d2,6_easy_full,2.0,0.3333333333333333,0.375,0,medium
1285,dfcbf407,6_hard_full,1.0,0.5,0.6363636363636364,0,wide
1286,dfcbf407,6_hard_full,2.0,1.0,0.6363636363636364,0,wide
1287,dfe6bb89,10_hard_pruned,1.0,0.0,0.375,0,medium
1288,dfe6bb89,10_hard_pruned,2.0,1.0,0.375,0,medium
1289,dfe6bee3,6_hard_full,1.0,0.5,1.0,0,wide
1290,dfe6bee3,6_hard_full,2.0,0.1111111111111111,1.0,0,wide
1291,e0a10efa,10_medium_full,1.0,0.0,0.8,0,wide
1292,e0a44f08,10_medium_full,1.0,0.0,0.08333333333333333,0,narrow
1293,e0a737b6,6_hard_pruned,1.0,0.5,0.5,0,medium
1294,e0a737b6,6_hard_pruned,2.0,1.0,0.5,0,medium
1295,e0b14a0b,10_medium_full,1.0,0.75,0.18604651162790697,0,medium
1296,e0b1b70d,10_medium_full,1.0,0.0,1.4,0,wide
1297,e0b57941,6_easy_pruned,1.0,0.0,0.0,1,narrow
1298,e0d29b7b,10_hard_full,1.0,0.0,0.8387096774193549,0,wide
1299,e0d29b7b,10_hard_full,2.0,0.9166666666666666,0.8387096774193549,0,wide
1300,e0e580d6,10_hard_pruned,1.0,0.3333333333333333,0.36363636363636365,0,medium
1301,e0e580d6,10_hard_pruned,2.0,1.0,0.36363636363636365,0,medium
1302,e1a64c7d,6_hard_pruned,1.0,1.0,0.5384615384615384,0,wide
1303,e1a64c7d,6_hard_pruned,2.0,0.6666666666666666,0.5384615384615384,0,wide
1304,e1b100ae,6_easy_pruned,1.0,0.4,1.1785714285714286,1,wide
1305,e1b100ae,6_easy_pruned,2.0,0.8,1.1785714285714286,1,wide
1306,e1e500d7,6_hard_pruned,1.0,0.0,0.0,1,narrow
1307,e2a43b2c,10_hard_pruned,1.0,0.0,0.0,0,narrow
1308,e2b10de5,10_hard_pruned,1.0,0.3333333333333333,0.4827586206896552,1,medium
1309,e2b10de5,10_hard_pruned,2.0,0.8571428571428571,0.4827586206896552,1,medium
1310,e2b655ad,6_hard_pruned,1.0,0.5,0.2,0,medium
1311,e2b655ad,6_hard_pruned,2.0,1.0,0.2,0,medium
1312,e2bbe5e1,10_easy_pruned,1.0,0.0,1.0909090909090908,0,wide
1313,e2bbe5e1,10_easy_pruned,2.0,0.0,1.0909090909090908,0,wide
1314,e3a4effd,10_medium_full,1.0,0.25,0.41935483870967744,0,medium
1315,e3a4effd,10_medium_full,2.0,0.8,0.41935483870967744,0,medium
1316,e3f59d3c,6_easy_full,2.0,1.0,1.5625,0,wide
1317,e4a2eb1e,10_easy_full,1.0,0.0,0.6666666666666666,1,wide
1318,e4a2eb1e,10_easy_full,2.0,1.0,0.6666666666666666,1,wide
1319,e4c58238,6_easy_full,1.0,0.0,0.0,1,narrow
1320,e4e447e2,10_medium_full,1.0,0.3333333333333333,0.7272727272727273,0,wide
1321,e4f58f31,10_medium_pruned,1.0,0.0,0.0,1,narrow
1322,e5b69f84,10_medium_full,1.0,0.0,0.0,0,narrow
1323,e5d4e9ce,6_hard_pruned,1.0,0.0,0.07692307692307693,0,narrow
1324,e5d4e9ce,6_hard_pruned,2.0,0.5,0.07692307692307693,0,narrow
1325,e5d4fef8,6_hard_pruned,1.0,0.25,0.6,0,wide
1326,e6abcdb2,10_easy_full,1.0,0.0,0.2727272727272727,1,medium
1327,e6abcdb2,10_easy_full,2.0,1.0,0.2727272727272727,1,medium
1328,e6efec72,10_hard_pruned,1.0,0.75,0.23809523809523808,0,medium
1329,e6efec72,10_hard_pruned,2.0,0.5714285714285714,0.23809523809523808,0,medium
1330,e7c28d87,6_easy_full,1.0,0.5,0.3157894736842105,0,medium
1331,e7c28d87,6_easy_full,2.0,0.8571428571428571,0.3157894736842105,0,medium
1332,e7f6d472,10_medium_full,1.0,0.3333333333333333,0.7272727272727273,0,wide
1333,e7f6d472,10_medium_full,2.0,0.5,0.7272727272727273,0,wide
1334,e9b10766,10_medium_pruned,1.0,0.0,0.0,1,narrow
1335,e9b10766,10_medium_pruned,2.0,1.0,0.0,1,narrow
1336,e9bbf006,10_easy_full,1.0,0.4,0.9555555555555556,0,wide
1337,e9bbf006,10_easy_full,2.0,0.7142857142857143,0.9555555555555556,0,wide
1338,e9dbbf8a,6_hard_pruned,1.0,0.0,0.07692307692307693,0,narrow
1339,e9dbbf8a,6_hard_pruned,2.0,0.6666666666666666,0.07692307692307693,0,narrow
1340,e9e1b017,6_easy_pruned,1.0,0.0,0.0,1,narrow
1341,e9e64bef,6_hard_pruned,1.0,0.375,0.4444444444444444,1,medium
1342,e9e64bef,6_hard_pruned,2.0,0.0,0.4444444444444444,1,medium
1343,e9f6d068,10_hard_full,1.0,0.2,0.34615384615384615,0,medium
1344,e9f6d068,10_hard_full,2.0,0.7142857142857143,0.34615384615384615,0,medium
1345,eaaff660,10_medium_full,1.0,0.3333333333333333,0.14285714285714285,0,narrow
1346,ead61455,6_hard_full,1.0,0.0,0.07692307692307693,0,narrow
1347,ead61455,6_hard_full,2.0,0.7142857142857143,0.07692307692307693,0,narrow
1348,ebb5828a,10_easy_full,1.0,0.3333333333333333,0.6041666666666666,1,wide
1349,ebb5828a,10_easy_full,2.0,0.8571428571428571,0.6041666666666666,1,wide
1350,ebc61801,6_hard_full,1.0,0.4,0.25,0,medium
1351,ebc64a59,6_hard_pruned,1.0,0.0,0.0,0,narrow
1352,ecb22d03,10_hard_full,1.0,0.0,0.8421052631578947,1,wide
1353,ecb22d03,10_hard_full,2.0,0.625,0.8421052631578947,1,wide
1354,ecb55f5b,6_easy_full,1.0,0.0,0.7272727272727273,1,wide
1355,ecb55f5b,6_easy_full,2.0,1.0,0.7272727272727273,1,wide
1356,ecc1bf78,10_medium_full,1.0,0.0,0.0,0,narrow
1357,ecefd3a0,10_medium_pruned,1.0,0.8333333333333334,0.14516129032258066,0,narrow
1358,ecefd3a0,10_medium_pruned,2.0,1.0,0.14516129032258066,0,narrow
1359,edbbcb60,6_easy_pruned,1.0,0.6666666666666666,0.3,0,medium
1360,edbbcb60,6_easy_pruned,2.0,0.75,0.3,0,medium
1361,edf12206,10_hard_full,1.0,0.3333333333333333,0.041666666666666664,0,narrow
1362,edf12206,10_hard_full,2.0,0.8,0.041666666666666664,0,narrow
1363,edfff93e,10_hard_pruned,1.0,0.0,0.7,0,wide
1364,edfff93e,10_hard_pruned,2.0,0.0,0.7,0,wide
1365,eec719ce,10_easy_pruned,1.0,0.0,0.6,1,wide
1366,eec719ce,10_easy_pruned,2.0,1.0,0.6,1,wide
1367,eec7360c,6_hard_full,1.0,0.0,0.2857142857142857,0,medium
1368,eec7360c,6_hard_full,2.0,1.0,0.2857142857142857,0,medium
1369,eef2e93f,10_medium_full,1.0,0.16666666666666666,0.35714285714285715,0,medium
1370,eef58225,10_medium_full,1.0,0.0,0.8,0,wide
1371,eefbf52d,10_medium_pruned,1.0,0.0,0.2,1,medium
1372,eefbf52d,10_medium_pruned,2.0,1.0,0.2,1,medium
1373,efa589db,10_easy_full,2.0,1.0,0.6666666666666666,0,wide
1374,efa5a41b,10_medium_pruned,1.0,0.0,0.0,1,narrow
1375,efa7383d,6_easy_full,1.0,1.0,0.6666666666666666,0,wide
1376,efa7383d,6_easy_full,2.0,0.6,0.6666666666666666,0,wide
1377,efcee9b9,10_easy_full,1.0,0.6,1.0,0,wide
1378,efcee9b9,10_easy_full,2.0,1.0,1.0,0,wide
1379,efd4fa4a,10_hard_pruned,1.0,0.0,0.13636363636363635,0,narrow
1380,efd4fa4a,10_hard_pruned,2.0,1.0,0.13636363636363635,0,narrow
1381,efebc5bb,6_hard_full,1.0,1.0,0.42857142857142855,0,medium
1382,efebc5bb,6_hard_full,2.0,0.5,0.42857142857142855,0,medium
1383,eff4bf48,6_hard_full,1.0,0.0,0.25,0,medium
1384,eff4bf48,6_hard_full,2.0,1.0,0.25,0,medium
1385,f0c4e26c,6_hard_pruned,1.0,0.0,0.0,1,narrow
1386,f0ebc21e,10_hard_full,1.0,0.0,0.0,0,narrow
1387,f0ebc21e,10_hard_full,2.0,0.875,0.0,0,narrow
1388,f0f29bcd,10_medium_pruned,1.0,0.0,0.39285714285714285,0,medium
1389,f0f29bcd,10_medium_pruned,2.0,1.0,0.39285714285714285,0,medium
1390,f1a55a0f,6_easy_full,1.0,0.0,0.0,1,narrow
1391,f1a55a0f,6_easy_full,2.0,1.0,0.0,1,narrow
1392,f1e613a1,6_hard_full,1.0,0.0,0.35714285714285715,0,medium
1393,f1e613a1,6_hard_full,2.0,0.5,0.35714285714285715,0,medium
1394,f1f65080,6_hard_pruned,1.0,0.6666666666666666,0.6666666666666666,0,wide
1395,f1f65080,6_hard_pruned,2.0,0.8333333333333334,0.6666666666666666,0,wide
1396,f1fbe0de,10_easy_full,1.0,0.0,0.6875,0,wide
1397,f1fbe0de,10_easy_full,2.0,1.0,0.6875,0,wide
1398,f2f60bd9,6_hard_full,1.0,0.2857142857142857,0.48,0,medium
1399,f2f60bd9,6_hard_full,2.0,0.6428571428571429,0.48,0,medium
1400,f3b14830,10_easy_pruned,1.0,0.0,0.2857142857142857,1,medium
1401,f3b14830,10_easy_pruned,2.0,1.0,0.2857142857142857,1,medium
1402,f3b42f94,10_hard_pruned,1.0,1.0,0.28205128205128205,0,medium
1403,f3b42f94,10_hard_pruned,2.0,0.75,0.28205128205128205,0,medium
1404,f3dbeb7e,6_hard_full,1.0,0.5,0.5555555555555556,0,wide
1405,f3dbeb7e,6_hard_full,2.0,0.8571428571428571,0.5555555555555556,0,wide
1406,f3f4f4ae,10_hard_pruned,1.0,0.0,0.0,0,narrow
1407,f3f4f4ae,10_hard_pruned,2.0,1.0,0.0,0,narrow
1408,f4a298dc,10_medium_pruned,1.0,0.6666666666666666,0.8888888888888888,0,wide
1409,f4a298dc,10_medium_pruned,2.0,1.0,0.8888888888888888,0,wide
1410,f4a6108e,6_hard_full,1.0,0.0,0.6,0,wide
1411,f4a6108e,6_hard_full,2.0,1.0,0.6,0,wide
1412,f4beefc5,6_easy_full,1.0,0.0,0.14285714285714285,0,narrow
1413,f4beefc5,6_easy_full,2.0,1.0,0.14285714285714285,0,narrow
1414,f4c4f33c,10_hard_pruned,1.0,0.4,0.5,0,medium
1415,f4c4f33c,10_hard_pruned,2.0,0.0,0.5,0,medium
1416,f4f14f89,10_medium_full,1.0,0.0,0.0,0,narrow
1417,f4f1c2a3,10_medium_full,1.0,1.0,0.8,0,wide
1418,f5c147ff,10_hard_full,2.0,1.0,0.0,0,narrow
1419,f5dac888,10_easy_full,1.0,1.0,1.0,0,wide
1420,f5dac888,10_easy_full,2.0,0.9090909090909091,1.0,0,wide
1421,f5def218,6_easy_full,1.0,0.3333333333333333,0.35714285714285715,1,medium
1422,f5def218,6_easy_full,2.0,1.0,0.35714285714285715,1,medium
1423,f5f6d6ce,10_medium_full,1.0,0.0,0.0,0,narrow
1424,f5f6d6ce,10_medium_full,2.0,1.0,0.0,0,narrow
1425,f6b64ced,6_hard_pruned,1.0,0.2857142857142857,0.0,0,narrow
1426,f6b64ced,6_hard_pruned,2.0,1.0,0.0,0,narrow
1427,f6c1aeee,10_medium_full,1.0,0.5,0.35294117647058826,0,medium
1428,f6e6ab7c,10_hard_pruned,1.0,0.0,0.625,1,wide
1429,f6e6ab7c,10_hard_pruned,2.0,0.5,0.625,1,wide
1430,f6f2f1d1,10_hard_full,1.0,0.7777777777777778,1.1481481481481481,0,wide
1431,f6f2f1d1,10_hard_full,2.0,0.2857142857142857,1.1481481481481481,0,wide
1432,f6fbf6b1,6_hard_full,1.0,0.5714285714285714,1.2,0,wide
1433,f6fbf6b1,6_hard_full,2.0,0.7058823529411765,1.2,0,wide
1434,f6fbf7bf,10_hard_full,1.0,0.8,0.4827586206896552,0,medium
1435,f6fbf7bf,10_hard_full,2.0,1.0,0.4827586206896552,0,medium
1436,f7b241ec,10_easy_pruned,1.0,0.0,0.0,1,narrow
1437,f7b4bfae,6_hard_full,1.0,0.5,0.4666666666666667,0,medium
1438,f7b4bfae,6_hard_full,2.0,1.0,0.4666666666666667,0,medium
1439,f7b6d848,10_medium_pruned,1.0,0.6666666666666666,0.38095238095238093,0,medium
1440,f7b6d848,10_medium_pruned,2.0,1.0,0.38095238095238093,0,medium
1441,f7ebbfe9,10_hard_full,1.0,0.8,0.8823529411764706,0,wide
1442,f7ebbfe9,10_hard_full,2.0,0.75,0.8823529411764706,0,wide
1443,f8c437b8,10_easy_full,2.0,1.0,1.4285714285714286,0,wide
1444,f8d586d5,10_easy_pruned,1.0,0.0,0.0,1,narrow
1445,f8d60bcb,6_hard_full,1.0,0.5,0.46153846153846156,0,medium
1446,f8d60bcb,6_hard_full,2.0,0.7333333333333333,0.46153846153846156,0,medium
1447,f8e11654,10_medium_full,1.0,0.0,0.14705882352941177,1,narrow
1448,f8e11654,10_medium_full,2.0,1.0,0.14705882352941177,1,narrow
1449,f8efd664,10_easy_pruned,1.0,0.0,0.0,1,narrow
1450,f9c123d7,6_easy_full,1.0,0.0,0.0,1,narrow
1451,f9c14f1b,10_medium_full,1.0,0.25,0.22580645161290322,0,medium
1452,f9d1ac6a,10_medium_pruned,1.0,0.0,1.2,0,wide
1453,f9d1ac6a,10_medium_pruned,2.0,0.5,1.2,0,wide
1454,f9e165cd,10_hard_full,1.0,0.6666666666666666,0.6666666666666666,0,wide
1455,faa2ee32,10_hard_full,1.0,0.0,0.2,0,medium
1456,faa2ee32,10_hard_full,2.0,0.6666666666666666,0.2,0,medium
1457,fab14685,10_hard_pruned,1.0,0.0,0.0,1,narrow
1458,fac10d6e,6_hard_full,1.0,0.3333333333333333,0.8095238095238095,0,wide
1459,fac10d6e,6_hard_full,2.0,0.9090909090909091,0.8095238095238095,0,wide
1460,fac6126a,6_hard_full,1.0,0.75,0.575,0,wide
1461,fac6126a,6_hard_full,2.0,0.68,0.575,0,wide
1462,faf45b5f,10_hard_full,1.0,0.75,0.4,1,medium
1463,faf45b5f,10_hard_full,2.0,0.2,0.4,1,medium
1464,fbc2482b,6_easy_full,1.0,0.0,0.0,1,narrow
1465,fbf441ba,10_hard_pruned,1.0,0.0,0.0,1,narrow
1466,fcaffad4,6_hard_pruned,1.0,0.5714285714285714,0.5,0,medium
1467,fcaffad4,6_hard_pruned,2.0,0.7619047619047619,0.5,0,medium
1468,fcb2e96f,10_easy_full,1.0,0.6666666666666666,1.3333333333333333,0,wide
1469,fcb2e96f,10_easy_full,2.0,1.0,1.3333333333333333,0,wide
1470,fcb764e3,10_hard_pruned,1.0,0.3333333333333333,0.2777777777777778,1,medium
1471,fcb764e3,10_hard_pruned,2.0,1.0,0.2777777777777778,1,medium
1472,fcf4f6d3,10_easy_full,1.0,1.0,0.8947368421052632,0,wide
1473,fcf4f6d3,10_easy_full,2.0,1.0,0.8947368421052632,0,wide
1474,fcfefd95,10_easy_full,1.0,0.0,0.3333333333333333,0,medium
1475,fda1c679,10_medium_full,1.0,0.0,0.29411764705882354,0,medium
1476,fda1c679,10_medium_full,2.0,1.0,0.29411764705882354,0,medium
1477,fda4f169,6_easy_full,1.0,0.0,0.2222222222222222,1,medium
1478,fda56e55,6_easy_full,1.0,0.0,1.0,1,wide
1479,fda56e55,6_easy_full,2.0,1.0,1.0,1,wide
1480,fdaa7ebb,6_hard_pruned,1.0,0.5,0.3783783783783784,0,medium
1481,fdaa7ebb,6_hard_pruned,2.0,0.9411764705882353,0.3783783783783784,0,medium
1482,fdb43452,10_medium_full,1.0,0.0,0.0,0,narrow
1483,fdc4f07b,10_easy_pruned,1.0,0.0,0.0,1,narrow
1484,fdc4f07b,10_easy_pruned,2.0,1.0,0.0,1,narrow
1485,fdd70310,10_hard_full,1.0,0.6666666666666666,0.8947368421052632,0,wide
1486,fdd70310,10_hard_full,2.0,0.5555555555555556,0.8947368421052632,0,wide
1487,fde4bf4b,6_hard_full,1.0,0.5,0.4166666666666667,0,medium
1488,fde4bf4b,6_hard_full,2.0,0.3,0.4166666666666667,0,medium
1489,fde4ef33,6_hard_pruned,1.0,0.0,0.5,0,medium
1490,fde4ef33,6_hard_pruned,2.0,1.0,0.5,0,medium
1491,fde6491d,6_hard_pruned,1.0,0.3333333333333333,0.25,0,medium
1492,fde6491d,6_hard_pruned,2.0,0.8,0.25,0,medium
1493,fec28d64,10_hard_full,2.0,0.6666666666666666,0.7,0,wide
1494,fec55e36,6_easy_full,1.0,0.0,0.6666666666666666,0,wide
1495,fec6b568,10_easy_pruned,1.0,0.0,1.1666666666666667,0,wide
1496,fec6b568,10_easy_pruned,2.0,1.0,1.1666666666666667,0,wide
1497,fed230fb,10_easy_pruned,1.0,0.0,1.5,0,wide
1498,fedbec09,10_easy_full,2.0,1.0,0.47058823529411764,0,medium
1499,fee29090,10_easy_full,2.0,0.9444444444444444,0.358974358974359,0,medium
1500,feef235a,10_easy_full,1.0,0.5,1.1176470588235294,0,wide
1501,feef235a,10_easy_full,2.0,0.7727272727272727,1.1176470588235294,0,wide
1502,fef4eae9,6_hard_pruned,1.0,0.3333333333333333,0.0,1,narrow
1503,fef4eae9,6_hard_pruned,2.0,1.0,0.0,1,narrow
1504,fff4bf68,6_hard_full,1.0,1.0,0.5333333333333333,0,wide
1505,fff4bf68,6_hard_full,2.0,0.0,0.5333333333333333,0,wide
